,Airport,Destinations
0,ATL,ROA
1,ATL,PIT
2,ATL,BNA
3,ATL,OAK
4,ATL,SNA
5,ATL,BTV
6,ATL,TVC
7,ATL,MSY
8,ATL,SHV
9,ATL,JAC
10,ATL,TRI
11,ATL,CAE
12,ATL,EVV
13,ATL,MOB
14,ATL,ORD
15,ATL,JAN
16,ATL,BUR
17,ATL,IAH
18,ATL,BMI
19,ATL,CLE
20,ATL,MYR
21,ATL,VPS
22,ATL,GTR
23,ATL,MIA
24,ATL,XNA
25,ATL,LGA
26,ATL,CRW
27,ATL,TUL
28,ATL,RIC
29,ATL,SYR
30,ATL,STX
31,ATL,DHN
32,ATL,PNS
33,ATL,GPT
34,ATL,AVL
35,ATL,DAL
36,ATL,SDF
37,ATL,MTJ
38,ATL,DCA
39,ATL,CHS
40,ATL,ROC
41,ATL,DAB
42,ATL,AUS
43,ATL,MDT
44,ATL,RNO
45,ATL,LIT
46,ATL,SAT
47,ATL,SBA
48,ATL,FLL
49,ATL,MDW
50,ATL,HOU
51,ATL,CHA
52,ATL,HNL
53,ATL,OKC
54,ATL,MCO
55,ATL,BHM
56,ATL,MCI
57,ATL,ICT
58,ATL,TYS
59,ATL,BOS
60,ATL,IAD
61,ATL,SRQ
62,ATL,OMA
63,ATL,ABY
64,ATL,PHL
65,ATL,RDU
66,ATL,FAT
67,ATL,LAS
68,ATL,RSW
69,ATL,CVG
70,ATL,FWA
71,ATL,SAV
72,ATL,EGE
73,ATL,BZN
74,ATL,GRR
75,ATL,DTW
76,ATL,ANC
77,ATL,MLU
78,ATL,DAY
79,ATL,PBI
80,ATL,LFT
81,ATL,ABE
82,ATL,ONT
83,ATL,COS
84,ATL,BTR
85,ATL,PHX
86,ATL,TLH
87,ATL,ISP
88,ATL,EYW
89,ATL,CMH
90,ATL,EWR
91,ATL,BOI
92,ATL,SAN
93,ATL,DEN
94,ATL,SFO
95,ATL,SLC
96,ATL,SGF
97,ATL,DFW
98,ATL,GRB
99,ATL,PWM
100,ATL,ILM
101,ATL,TTN
102,ATL,GEG
103,ATL,DSM
104,ATL,FAY
105,ATL,MSP
106,ATL,GNV
107,ATL,MLB
108,ATL,LAX
109,ATL,AEX
110,ATL,SEA
111,ATL,SJU
112,ATL,IND
113,ATL,BDL
114,ATL,ELP
115,ATL,TPA
116,ATL,ORF
117,ATL,PVD
118,ATL,ECP
119,ATL,PDX
120,ATL,GSP
121,ATL,ATW
122,ATL,JFK
123,ATL,CHO
124,ATL,SJC
125,ATL,BQK
126,ATL,MEM
127,ATL,SBN
128,ATL,HPN
129,ATL,SMF
130,ATL,MLI
131,ATL,PSP
132,ATL,OGG
133,ATL,CSG
134,ATL,AGS
135,ATL,ASE
136,ATL,OAJ
137,ATL,BUF
138,ATL,TUS
139,ATL,MSN
140,ATL,GSO
141,ATL,BWI
142,ATL,FSD
143,ATL,MKE
144,ATL,STT
145,ATL,HSV
146,ATL,ALB
147,ATL,CID
148,ATL,JAX
149,ATL,VLD
150,ATL,LEX
151,ATL,CLT
152,ATL,HDN
153,ATL,ABQ
154,ATL,STL
155,ATL,MGM
156,ATL,HHH
157,DTW,MQT
158,DTW,PIT
159,DTW,APN
160,DTW,BNA
161,DTW,OAK
162,DTW,SNA
163,DTW,CIU
164,DTW,TVC
165,DTW,BTV
166,DTW,MSY
167,DTW,ORD
168,DTW,IAH
169,DTW,MYR
170,DTW,CLE
171,DTW,MIA
172,DTW,XNA
173,DTW,LGA
174,DTW,RIC
175,DTW,SYR
176,DTW,ELM
177,DTW,LAN
178,DTW,DAL
179,DTW,SDF
180,DTW,DCA
181,DTW,CHS
182,DTW,ESC
183,DTW,ROC
184,DTW,DAB
185,DTW,AUS
186,DTW,MDT
187,DTW,SAT
188,DTW,FLL
189,DTW,MDW
190,DTW,HOU
191,DTW,CHA
192,DTW,HNL
193,DTW,MCO
194,DTW,BHM
195,DTW,MCI
196,DTW,TYS
197,DTW,OMA
198,DTW,BOS
199,DTW,SRQ
200,DTW,IAD
201,DTW,PHL
202,DTW,RDU
203,DTW,LAS
204,DTW,AZO
205,DTW,RSW
206,DTW,CVG
207,DTW,FWA
208,DTW,SAV
209,DTW,GRR
210,DTW,ANC
211,DTW,PBI
212,DTW,BGM
213,DTW,ATL
214,DTW,IMT
215,DTW,PHX
216,DTW,CMH
217,DTW,EWR
218,DTW,SAN
219,DTW,DEN
220,DTW,SFO
221,DTW,SLC
222,DTW,DFW
223,DTW,GRB
224,DTW,PWM
225,DTW,MBS
226,DTW,DSM
227,DTW,MSP
228,DTW,LAX
229,DTW,SEA
230,DTW,IND
231,DTW,BDL
232,DTW,SJU
233,DTW,PLN
234,DTW,TPA
235,DTW,ORF
236,DTW,PVD
237,DTW,PDX
238,DTW,GSP
239,DTW,ATW
240,DTW,JFK
241,DTW,MEM
242,DTW,SBN
243,DTW,HPN
244,DTW,SMF
245,DTW,AGS
246,DTW,BUF
247,DTW,MSN
248,DTW,GSO
249,DTW,BWI
250,DTW,MKE
251,DTW,HSV
252,DTW,ALB
253,DTW,CID
254,DTW,JAX
255,DTW,LEX
256,DTW,CLT
257,DTW,STL
258,DSM,AUS
259,DSM,SFB
260,DSM,BNA
261,DSM,EWR
262,DSM,SNA
263,DSM,SAN
264,DSM,DEN
265,DSM,FLL
266,DSM,HOU
267,DSM,DFW
268,DSM,PIE
269,DSM,MCO
270,DSM,ORD
271,DSM,IAH
272,DSM,ATW
273,DSM,SRQ
274,DSM,VPS
275,DSM,MIA
276,DSM,LAS
277,DSM,LGA
278,DSM,MSP
279,DSM,PGD
280,DSM,LAX
281,DSM,AZA
282,DSM,DTW
283,DSM,CLT
284,DSM,STL
285,DSM,ATL
286,DSM,DCA
287,DSM,PDX
288,DSM,PHX
289,LGA,PIT
290,LGA,ROA
291,LGA,BNA
292,LGA,BTV
293,LGA,TVC
294,LGA,MSY
295,LGA,CAE
296,LGA,ORD
297,LGA,IAH
298,LGA,MYR
299,LGA,CLE
300,LGA,MIA
301,LGA,XNA
302,LGA,TUL
303,LGA,RIC
304,LGA,SYR
305,LGA,PNS
306,LGA,AVL
307,LGA,DAL
308,LGA,SDF
309,LGA,DCA
310,LGA,MVY
311,LGA,CHS
312,LGA,ROC
313,LGA,DAB
314,LGA,HYA
315,LGA,ACK
316,LGA,LIT
317,LGA,FLL
318,LGA,MDW
319,LGA,HOU
320,LGA,CHA
321,LGA,OKC
322,LGA,MCO
323,LGA,BHM
324,LGA,MCI
325,LGA,TYS
326,LGA,BOS
327,LGA,OMA
328,LGA,SRQ
329,LGA,IAD
330,LGA,PHL
331,LGA,RDU
332,LGA,LAS
333,LGA,RSW
334,LGA,CVG
335,LGA,SAV
336,LGA,GRR
337,LGA,DTW
338,LGA,PBI
339,LGA,DAY
340,LGA,BGM
341,LGA,ATL
342,LGA,PHX
343,LGA,EYW
344,LGA,CMH
345,LGA,DEN
346,LGA,SLC
347,LGA,DFW
348,LGA,ORH
349,LGA,PWM
350,LGA,ILM
351,LGA,DSM
352,LGA,MSP
353,LGA,LAX
354,LGA,IND
355,LGA,BDL
356,LGA,TPA
357,LGA,ORF
358,LGA,PVD
359,LGA,GSP
360,LGA,CHO
361,LGA,MEM
362,LGA,SBN
363,LGA,AGS
364,LGA,BUF
365,LGA,MSN
366,LGA,GSO
367,LGA,BWI
368,LGA,MKE
369,LGA,ALB
370,LGA,JAX
371,LGA,BGR
372,LGA,CLT
373,LGA,STL
374,LGA,HHH
375,CHS,AUS
376,CHS,JFK
377,CHS,PIT
378,CHS,EWR
379,CHS,BNA
380,CHS,DEN
381,CHS,FLL
382,CHS,MDW
383,CHS,HOU
384,CHS,DFW
385,CHS,HPN
386,CHS,ORD
387,CHS,IAH
388,CHS,CLE
389,CHS,BOS
390,CHS,IAD
391,CHS,PHL
392,CHS,MIA
393,CHS,LAS
394,CHS,LGA
395,CHS,RSW
396,CHS,CVG
397,CHS,MSP
398,CHS,BWI
399,CHS,SEA
400,CHS,DTW
401,CHS,IND
402,CHS,CLT
403,CHS,DAL
404,CHS,TPA
405,CHS,STL
406,CHS,ATL
407,CHS,DCA
408,CHS,LCK
409,AVL,AUS
410,AVL,EYW
411,AVL,SFB
412,AVL,EWR
413,AVL,DEN
414,AVL,FLL
415,AVL,MDW
416,AVL,HOU
417,AVL,DFW
418,AVL,PIE
419,AVL,MCO
420,AVL,ORD
421,AVL,BOS
422,AVL,SRQ
423,AVL,VPS
424,AVL,PHL
425,AVL,MIA
426,AVL,LAS
427,AVL,LGA
428,AVL,MSP
429,AVL,BWI
430,AVL,PGD
431,AVL,PBI
432,AVL,USA
433,AVL,CLT
434,AVL,ATL
435,AVL,DCA
436,AVL,PHX
437,SYR,JFK
438,SYR,SFB
439,SYR,BNA
440,SYR,EWR
441,SYR,DEN
442,SYR,FLL
443,SYR,DFW
444,SYR,PIE
445,SYR,MCO
446,SYR,ORD
447,SYR,MYR
448,SYR,BOS
449,SYR,IAD
450,SYR,SRQ
451,SYR,PHL
452,SYR,MIA
453,SYR,RDU
454,SYR,LGA
455,SYR,RSW
456,SYR,MSP
457,SYR,BWI
458,SYR,PGD
459,SYR,DTW
460,SYR,CLT
461,SYR,TPA
462,SYR,ATL
463,SYR,DCA
464,MCI,AUS
465,MCI,JFK
466,MCI,CMH
467,MCI,BNA
468,MCI,EWR
469,MCI,OAK
470,MCI,SJC
471,MCI,SAN
472,MCI,DEN
473,MCI,MSY
474,MCI,SAT
475,MCI,SFO
476,MCI,FLL
477,MCI,MDW
478,MCI,SLC
479,MCI,HOU
480,MCI,DFW
481,MCI,PIE
482,MCI,MCO
483,MCI,SMF
484,MCI,BUR
485,MCI,ORD
486,MCI,BHM
487,MCI,IAH
488,MCI,MYR
489,MCI,BOS
490,MCI,IAD
491,MCI,SRQ
492,MCI,VPS
493,MCI,BUF
494,MCI,PHL
495,MCI,MIA
496,MCI,RDU
497,MCI,LAS
498,MCI,ECP
499,MCI,LGA
500,MCI,RSW
501,MCI,CVG
502,MCI,MSP
503,MCI,BWI
504,MCI,PGD
505,MCI,LAX
506,MCI,SEA
507,MCI,DTW
508,MCI,MKE
509,MCI,IND
510,MCI,PNS
511,MCI,LGB
512,MCI,CLT
513,MCI,DAL
514,MCI,TPA
515,MCI,ABQ
516,MCI,ATL
517,MCI,DCA
518,MCI,STL
519,MCI,PDX
520,MCI,PHX
521,LEX,DTW
522,LEX,FLL
523,LEX,VPS
524,LEX,PHL
525,LEX,AUS
526,LEX,MIA
527,LEX,LAS
528,LEX,PIE
529,LEX,DFW
530,LEX,SFB
531,LEX,CLT
532,LEX,ORD
533,LEX,ATL
534,LEX,DEN
535,LEX,DCA
536,LEX,MYR
537,LEX,PGD
538,ROC,JFK
539,ROC,SFB
540,ROC,EWR
541,ROC,FLL
542,ROC,MDW
543,ROC,MCO
544,ROC,ORD
545,ROC,MYR
546,ROC,IAD
547,ROC,PHL
548,ROC,MIA
549,ROC,LAS
550,ROC,LGA
551,ROC,BWI
552,ROC,PGD
553,ROC,DTW
554,ROC,CLT
555,ROC,TPA
556,ROC,ATL
557,ROC,DCA
558,BOS,PIT
559,BOS,BNA
560,BOS,TVC
561,BOS,MSY
562,BOS,ORD
563,BOS,IAH
564,BOS,MYR
565,BOS,CLE
566,BOS,VPS
567,BOS,MIA
568,BOS,LGA
569,BOS,RIC
570,BOS,SYR
571,BOS,AVL
572,BOS,SDF
573,BOS,DAL
574,BOS,DCA
575,BOS,MVY
576,BOS,CHS
577,BOS,AUS
578,BOS,ACK
579,BOS,SAT
580,BOS,FLL
581,BOS,MDW
582,BOS,HNL
583,BOS,MCO
584,BOS,MCI
585,BOS,TYS
586,BOS,IAD
587,BOS,SRQ
588,BOS,PHL
589,BOS,RDU
590,BOS,LAS
591,BOS,RSW
592,BOS,CVG
593,BOS,SAV
594,BOS,BZN
595,BOS,GRR
596,BOS,DTW
597,BOS,PBI
598,BOS,ATL
599,BOS,PHX
600,BOS,EYW
601,BOS,CMH
602,BOS,EWR
603,BOS,SAN
604,BOS,DEN
605,BOS,SFO
606,BOS,SLC
607,BOS,DFW
608,BOS,ILM
609,BOS,MSP
610,BOS,LAX
611,BOS,SEA
612,BOS,SJU
613,BOS,IND
614,BOS,TPA
615,BOS,ORF
616,BOS,ECP
617,BOS,PDX
618,BOS,JFK
619,BOS,SJC
620,BOS,MEM
621,BOS,SBN
622,BOS,SMF
623,BOS,AGS
624,BOS,BUF
625,BOS,MSN
626,BOS,BWI
627,BOS,PQI
628,BOS,MKE
629,BOS,STT
630,BOS,JAX
631,BOS,CLT
632,BOS,HDN
633,BOS,STL
634,BOS,HHH
635,CVG,AUS
636,CVG,JFK
637,CVG,EYW
638,CVG,SFB
639,CVG,EWR
640,CVG,BNA
641,CVG,DEN
642,CVG,MSY
643,CVG,FLL
644,CVG,MDW
645,CVG,SLC
646,CVG,DFW
647,CVG,PIE
648,CVG,MCO
649,CVG,ORD
650,CVG,IAH
651,CVG,MYR
652,CVG,MCI
653,CVG,PVD
654,CVG,BOS
655,CVG,IAD
656,CVG,TYS
657,CVG,SRQ
658,CVG,VPS
659,CVG,PWM
660,CVG,PHL
661,CVG,MIA
662,CVG,RDU
663,CVG,LAS
664,CVG,LGA
665,CVG,RSW
666,CVG,MSP
667,CVG,BWI
668,CVG,PGD
669,CVG,LAX
670,CVG,AZA
671,CVG,SAV
672,CVG,MLB
673,CVG,SEA
674,CVG,DTW
675,CVG,PBI
676,CVG,JAX
677,CVG,PNS
678,CVG,CLT
679,CVG,TPA
680,CVG,STL
681,CVG,ATL
682,CVG,DCA
683,CVG,ORF
684,CVG,CHS
685,CVG,PHX
686,ITH,EWR
687,ITH,JFK
688,JFK,AUS
689,JFK,PIT
690,JFK,CMH
691,JFK,HYA
692,JFK,RNO
693,JFK,BNA
694,JFK,SJC
695,JFK,SNA
696,JFK,SAN
697,JFK,DEN
698,JFK,BTV
699,JFK,PSE
700,JFK,MSY
701,JFK,ACK
702,JFK,SAT
703,JFK,SFO
704,JFK,FLL
705,JFK,BQN
706,JFK,SLC
707,JFK,HNL
708,JFK,DFW
709,JFK,MCO
710,JFK,SMF
711,JFK,PSP
712,JFK,ORD
713,JFK,BUR
714,JFK,ORH
715,JFK,IAH
716,JFK,MCI
717,JFK,CLE
718,JFK,AGS
719,JFK,BOS
720,JFK,IAD
721,JFK,ITH
722,JFK,SRQ
723,JFK,PWM
724,JFK,BUF
725,JFK,RDU
726,JFK,MIA
727,JFK,LAS
728,JFK,LGA
729,JFK,RSW
730,JFK,RIC
731,JFK,CVG
732,JFK,SYR
733,JFK,MSP
734,JFK,BWI
735,JFK,SAV
736,JFK,LAX
737,JFK,EGE
738,JFK,BZN
739,JFK,SEA
740,JFK,DTW
741,JFK,MKE
742,JFK,ANC
743,JFK,IND
744,JFK,STT
745,JFK,PBI
746,JFK,SJU
747,JFK,ONT
748,JFK,JAX
749,JFK,BGR
750,JFK,CLT
751,JFK,TPA
752,JFK,SDF
753,JFK,ORF
754,JFK,DCA
755,JFK,ATL
756,JFK,ABQ
757,JFK,CHS
758,JFK,MVY
759,JFK,PDX
760,JFK,ROC
761,JFK,PHX
762,RDU,TLH
763,RDU,AUS
764,RDU,JFK
765,RDU,PIT
766,RDU,EWR
767,RDU,BNA
768,RDU,DEN
769,RDU,MSY
770,RDU,SFO
771,RDU,FLL
772,RDU,MDW
773,RDU,SLC
774,RDU,HOU
775,RDU,DFW
776,RDU,MCO
777,RDU,ORD
778,RDU,IAH
779,RDU,MCI
780,RDU,CLE
781,RDU,BOS
782,RDU,IAD
783,RDU,PWM
784,RDU,TTN
785,RDU,BUF
786,RDU,PHL
787,RDU,MIA
788,RDU,LAS
789,RDU,LGA
790,RDU,CVG
791,RDU,SYR
792,RDU,MSP
793,RDU,BWI
794,RDU,LAX
795,RDU,SEA
796,RDU,DTW
797,RDU,MKE
798,RDU,SJU
799,RDU,BDL
800,RDU,IND
801,RDU,CLT
802,RDU,DAL
803,RDU,TPA
804,RDU,SDF
805,RDU,STL
806,RDU,ATL
807,RDU,DCA
808,RDU,PHX
809,PWM,JFK
810,PWM,EWR
811,PWM,BNA
812,PWM,DEN
813,PWM,MDW
814,PWM,DFW
815,PWM,MCO
816,PWM,ORD
817,PWM,IAD
818,PWM,PHL
819,PWM,RDU
820,PWM,LGA
821,PWM,CVG
822,PWM,MSP
823,PWM,BWI
824,PWM,DTW
825,PWM,CLT
826,PWM,TPA
827,PWM,ATL
828,PWM,DCA
829,OMA,AUS
830,OMA,SFB
831,OMA,CMH
832,OMA,BNA
833,OMA,EWR
834,OMA,DEN
835,OMA,SFO
836,OMA,FLL
837,OMA,MDW
838,OMA,SLC
839,OMA,HOU
840,OMA,DFW
841,OMA,PIE
842,OMA,MCO
843,OMA,ORD
844,OMA,IAH
845,OMA,VPS
846,OMA,MIA
847,OMA,LAS
848,OMA,LGA
849,OMA,MSP
850,OMA,PGD
851,OMA,LAX
852,OMA,AZA
853,OMA,SEA
854,OMA,DTW
855,OMA,CLT
856,OMA,DAL
857,OMA,TPA
858,OMA,STL
859,OMA,ATL
860,OMA,DCA
861,OMA,PHX
862,MYR,CKB
863,MYR,MDT
864,MYR,ISP
865,MYR,PIT
866,MYR,CMH
867,MYR,HTS
868,MYR,HGR
869,MYR,EWR
870,MYR,BNA
871,MYR,DEN
872,MYR,FLL
873,MYR,MDW
874,MYR,ACY
875,MYR,DFW
876,MYR,MCO
877,MYR,CAK
878,MYR,ORD
879,MYR,MCI
880,MYR,CLE
881,MYR,BOS
882,MYR,IAD
883,MYR,PHL
884,MYR,LGA
885,MYR,CVG
886,MYR,SYR
887,MYR,MSP
888,MYR,FWA
889,MYR,BWI
890,MYR,DTW
891,MYR,SWF
892,MYR,IND
893,MYR,BDL
894,MYR,BLV
895,MYR,ALB
896,MYR,LBE
897,MYR,ABE
898,MYR,CLT
899,MYR,LEX
900,MYR,SDF
901,MYR,DAL
902,MYR,STL
903,MYR,ATL
904,MYR,DCA
905,MYR,ROC
906,MYR,LCK
907,CLE,AUS
908,CLE,JFK
909,CLE,PIT
910,CLE,EWR
911,CLE,BNA
912,CLE,DEN
913,CLE,MSY
914,CLE,SFO
915,CLE,FLL
916,CLE,MDW
917,CLE,SLC
918,CLE,DFW
919,CLE,MCO
920,CLE,ORD
921,CLE,IAH
922,CLE,MYR
923,CLE,BOS
924,CLE,IAD
925,CLE,SRQ
926,CLE,PHL
927,CLE,MIA
928,CLE,RDU
929,CLE,LAS
930,CLE,LGA
931,CLE,RSW
932,CLE,MSP
933,CLE,BWI
934,CLE,SAV
935,CLE,LAX
936,CLE,SEA
937,CLE,DTW
938,CLE,SJU
939,CLE,PBI
940,CLE,PNS
941,CLE,JAX
942,CLE,CLT
943,CLE,TPA
944,CLE,STL
945,CLE,ATL
946,CLE,DCA
947,CLE,CHS
948,CLE,PHX
949,TUL,AUS
950,TUL,SFB
951,TUL,DEN
952,TUL,MDW
953,TUL,SLC
954,TUL,HOU
955,TUL,DFW
956,TUL,PIE
957,TUL,MCO
958,TUL,ORD
959,TUL,IAH
960,TUL,VPS
961,TUL,MIA
962,TUL,LAS
963,TUL,LGA
964,TUL,LAX
965,TUL,CLT
966,TUL,DAL
967,TUL,STL
968,TUL,ATL
969,TUL,DCA
970,TUL,PHX
971,RIC,JFK
972,RIC,SFB
973,RIC,BNA
974,RIC,EWR
975,RIC,DEN
976,RIC,FLL
977,RIC,MDW
978,RIC,DFW
979,RIC,PIE
980,RIC,MCO
981,RIC,ORD
982,RIC,IAH
983,RIC,BOS
984,RIC,PHL
985,RIC,MIA
986,RIC,LAS
987,RIC,LGA
988,RIC,RSW
989,RIC,MSP
990,RIC,BWI
991,RIC,PGD
992,RIC,DTW
993,RIC,CLT
994,RIC,TPA
995,RIC,ATL
996,MEM,AUS
997,MEM,SFB
998,MEM,EWR
999,MEM,DEN
1000,MEM,FLL
1001,MEM,MDW
1002,MEM,SLC
1003,MEM,HOU
1004,MEM,DFW
1005,MEM,PIE
1006,MEM,MCO
1007,MEM,ORD
1008,MEM,IAH
1009,MEM,BOS
1010,MEM,VPS
1011,MEM,PHL
1012,MEM,MIA
1013,MEM,LAS
1014,MEM,LGA
1015,MEM,MSP
1016,MEM,BWI
1017,MEM,LAX
1018,MEM,DTW
1019,MEM,CLT
1020,MEM,DAL
1021,MEM,TPA
1022,MEM,ATL
1023,MEM,DCA
1024,MEM,PHX
1025,MIA,PIT
1026,MIA,BNA
1027,MIA,SNA
1028,MIA,MSY
1029,MIA,CAE
1030,MIA,ORD
1031,MIA,IAH
1032,MIA,MYR
1033,MIA,CLE
1034,MIA,XNA
1035,MIA,LGA
1036,MIA,TUL
1037,MIA,RIC
1038,MIA,STX
1039,MIA,SYR
1040,MIA,PNS
1041,MIA,DAL
1042,MIA,SDF
1043,MIA,AVL
1044,MIA,DCA
1045,MIA,CHS
1046,MIA,ROC
1047,MIA,AUS
1048,MIA,LIT
1049,MIA,SAT
1050,MIA,MDW
1051,MIA,HOU
1052,MIA,CHA
1053,MIA,OKC
1054,MIA,MCO
1055,MIA,BHM
1056,MIA,MCI
1057,MIA,ICT
1058,MIA,BOS
1059,MIA,OMA
1060,MIA,TYS
1061,MIA,IAD
1062,MIA,PHL
1063,MIA,RDU
1064,MIA,LAS
1065,MIA,CVG
1066,MIA,SAV
1067,MIA,EGE
1068,MIA,GRR
1069,MIA,DTW
1070,MIA,ATL
1071,MIA,PHX
1072,MIA,TLH
1073,MIA,ISP
1074,MIA,EYW
1075,MIA,CMH
1076,MIA,EWR
1077,MIA,SAN
1078,MIA,DEN
1079,MIA,SFO
1080,MIA,SLC
1081,MIA,DFW
1082,MIA,ILM
1083,MIA,DSM
1084,MIA,MSP
1085,MIA,GNV
1086,MIA,LAX
1087,MIA,SEA
1088,MIA,SJU
1089,MIA,BDL
1090,MIA,IND
1091,MIA,TPA
1092,MIA,ORF
1093,MIA,PDX
1094,MIA,GSP
1095,MIA,JFK
1096,MIA,MEM
1097,MIA,SBN
1098,MIA,SMF
1099,MIA,HPN
1100,MIA,AGS
1101,MIA,BUF
1102,MIA,MSN
1103,MIA,GSO
1104,MIA,BWI
1105,MIA,MKE
1106,MIA,STT
1107,MIA,CID
1108,MIA,HSV
1109,MIA,ALB
1110,MIA,JAX
1111,MIA,CLT
1112,MIA,LEX
1113,MIA,STL
1114,FLL,PIT
1115,FLL,BNA
1116,FLL,TVC
1117,FLL,MSY
1118,FLL,BQN
1119,FLL,ACY
1120,FLL,ORD
1121,FLL,IAH
1122,FLL,MYR
1123,FLL,CLE
1124,FLL,XNA
1125,FLL,LGA
1126,FLL,RIC
1127,FLL,STX
1128,FLL,SYR
1129,FLL,BLV
1130,FLL,PNS
1131,FLL,DAL
1132,FLL,AVL
1133,FLL,SDF
1134,FLL,DCA
1135,FLL,CHS
1136,FLL,ROC
1137,FLL,AUS
1138,FLL,MDT
1139,FLL,SAT
1140,FLL,MDW
1141,FLL,HOU
1142,FLL,MCO
1143,FLL,BHM
1144,FLL,MCI
1145,FLL,BOS
1146,FLL,TYS
1147,FLL,IAD
1148,FLL,OMA
1149,FLL,PHL
1150,FLL,RDU
1151,FLL,LAS
1152,FLL,CVG
1153,FLL,SAV
1154,FLL,GRR
1155,FLL,DTW
1156,FLL,SWF
1157,FLL,ABE
1158,FLL,PIA
1159,FLL,ATL
1160,FLL,PHX
1161,FLL,TLH
1162,FLL,ISP
1163,FLL,CMH
1164,FLL,EWR
1165,FLL,SAN
1166,FLL,DEN
1167,FLL,SFO
1168,FLL,SLC
1169,FLL,DFW
1170,FLL,PBG
1171,FLL,ORH
1172,FLL,TTN
1173,FLL,DSM
1174,FLL,MSP
1175,FLL,LAX
1176,FLL,SEA
1177,FLL,SJU
1178,FLL,BDL
1179,FLL,IND
1180,FLL,USA
1181,FLL,TPA
1182,FLL,ORF
1183,FLL,PVD
1184,FLL,PDX
1185,FLL,GSP
1186,FLL,ATW
1187,FLL,JFK
1188,FLL,FNT
1189,FLL,MEM
1190,FLL,HPN
1191,FLL,CAK
1192,FLL,BUF
1193,FLL,BWI
1194,FLL,FSD
1195,FLL,MKE
1196,FLL,STT
1197,FLL,CID
1198,FLL,ALB
1199,FLL,JAX
1200,FLL,BGR
1201,FLL,CLT
1202,FLL,LEX
1203,FLL,HDN
1204,FLL,STL
1205,FLL,LCK
1206,GRR,AUS
1207,GRR,SFB
1208,GRR,EWR
1209,GRR,BNA
1210,GRR,DEN
1211,GRR,FLL
1212,GRR,MDW
1213,GRR,DFW
1214,GRR,PIE
1215,GRR,MCO
1216,GRR,ORD
1217,GRR,IAH
1218,GRR,BOS
1219,GRR,SRQ
1220,GRR,VPS
1221,GRR,PHL
1222,GRR,MIA
1223,GRR,LAS
1224,GRR,LGA
1225,GRR,RSW
1226,GRR,MSP
1227,GRR,BWI
1228,GRR,PGD
1229,GRR,SAV
1230,GRR,AZA
1231,GRR,LAX
1232,GRR,DTW
1233,GRR,PBI
1234,GRR,CLT
1235,GRR,TPA
1236,GRR,ATL
1237,GRR,DCA
1238,GRR,PDX
1239,GRR,PHX
1240,AZO,DTW
1241,TLH,FLL
1242,TLH,MIA
1243,TLH,RDU
1244,TLH,SBN
1245,TLH,DFW
1246,TLH,CLT
1247,TLH,DCA
1248,TLH,ATL
1249,GTR,ATL
1250,CRW,CLT
1251,CRW,ORD
1252,CRW,DCA
1253,CRW,ATL
1254,MSP,PIT
1255,MSP,BNA
1256,MSP,SNA
1257,MSP,CIU
1258,MSP,TVC
1259,MSP,RAP
1260,MSP,MSY
1261,MSP,BTV
1262,MSP,CWA
1263,MSP,JAC
1264,MSP,ORD
1265,MSP,IAH
1266,MSP,MYR
1267,MSP,CLE
1268,MSP,VPS
1269,MSP,MIA
1270,MSP,XNA
1271,MSP,LGA
1272,MSP,RST
1273,MSP,INL
1274,MSP,RIC
1275,MSP,SYR
1276,MSP,HIB
1277,MSP,FAI
1278,MSP,DAL
1279,MSP,SDF
1280,MSP,AVL
1281,MSP,DCA
1282,MSP,CHS
1283,MSP,ESC
1284,MSP,AUS
1285,MSP,MDT
1286,MSP,RNO
1287,MSP,SAT
1288,MSP,FLL
1289,MSP,MDW
1290,MSP,HNL
1291,MSP,OKC
1292,MSP,MCO
1293,MSP,HRL
1294,MSP,MCI
1295,MSP,ICT
1296,MSP,BOS
1297,MSP,IAD
1298,MSP,OMA
1299,MSP,SRQ
1300,MSP,TYS
1301,MSP,FCA
1302,MSP,PHL
1303,MSP,RDU
1304,MSP,LAS
1305,MSP,MOT
1306,MSP,RSW
1307,MSP,CVG
1308,MSP,FWA
1309,MSP,SAV
1310,MSP,BZN
1311,MSP,GRR
1312,MSP,DTW
1313,MSP,ANC
1314,MSP,PBI
1315,MSP,XWA
1316,MSP,BRD
1317,MSP,ATL
1318,MSP,COS
1319,MSP,IMT
1320,MSP,PHX
1321,MSP,CMH
1322,MSP,PSC
1323,MSP,EWR
1324,MSP,BOI
1325,MSP,SAN
1326,MSP,DEN
1327,MSP,SFO
1328,MSP,SLC
1329,MSP,DFW
1330,MSP,GRB
1331,MSP,MSO
1332,MSP,PWM
1333,MSP,ILM
1334,MSP,RHI
1335,MSP,GEG
1336,MSP,DSM
1337,MSP,LAX
1338,MSP,AZA
1339,MSP,SEA
1340,MSP,SJU
1341,MSP,IND
1342,MSP,BDL
1343,MSP,TPA
1344,MSP,ORF
1345,MSP,PVD
1346,MSP,PDX
1347,MSP,ATW
1348,MSP,JFK
1349,MSP,FAR
1350,MSP,SJC
1351,MSP,GFK
1352,MSP,BIL
1353,MSP,MEM
1354,MSP,GTF
1355,MSP,BIS
1356,MSP,SBN
1357,MSP,SMF
1358,MSP,PSP
1359,MSP,DLH
1360,MSP,BJI
1361,MSP,BUF
1362,MSP,TUS
1363,MSP,MSN
1364,MSP,ABR
1365,MSP,BWI
1366,MSP,FSD
1367,MSP,PGD
1368,MSP,MKE
1369,MSP,CID
1370,MSP,JAX
1371,MSP,CLT
1372,MSP,HDN
1373,MSP,STL
1374,MSP,ABQ
1375,STL,AUS
1376,STL,PIT
1377,STL,CMH
1378,STL,BNA
1379,STL,SJC
1380,STL,OAK
1381,STL,EWR
1382,STL,SAN
1383,STL,DEN
1384,STL,LIT
1385,STL,MSY
1386,STL,SAT
1387,STL,SFO
1388,STL,FLL
1389,STL,MDW
1390,STL,SLC
1391,STL,HOU
1392,STL,DFW
1393,STL,OKC
1394,STL,MCO
1395,STL,SMF
1396,STL,BUR
1397,STL,ORD
1398,STL,IAH
1399,STL,MCI
1400,STL,CLE
1401,STL,MYR
1402,STL,ICT
1403,STL,BOS
1404,STL,OMA
1405,STL,SRQ
1406,STL,VPS
1407,STL,PHL
1408,STL,MIA
1409,STL,RDU
1410,STL,LAS
1411,STL,DSM
1412,STL,LGA
1413,STL,RSW
1414,STL,TUL
1415,STL,MSP
1416,STL,BWI
1417,STL,SAV
1418,STL,LAX
1419,STL,SEA
1420,STL,DTW
1421,STL,MKE
1422,STL,SJU
1423,STL,PBI
1424,STL,JAX
1425,STL,LGB
1426,STL,PNS
1427,STL,CLT
1428,STL,DAL
1429,STL,TPA
1430,STL,ORF
1431,STL,ATL
1432,STL,DCA
1433,STL,ECP
1434,STL,CHS
1435,STL,PDX
1436,STL,PHX
1437,MSN,AUS
1438,MSN,EWR
1439,MSN,DEN
1440,MSN,SFO
1441,MSN,SLC
1442,MSN,DFW
1443,MSN,MCO
1444,MSN,ORD
1445,MSN,BHM
1446,MSN,IAH
1447,MSN,BOS
1448,MSN,PHL
1449,MSN,MIA
1450,MSN,LGA
1451,MSN,MSP
1452,MSN,LAX
1453,MSN,DTW
1454,MSN,HSV
1455,MSN,CLT
1456,MSN,ATL
1457,MSN,DCA
1458,MSN,PHX
1459,IAD,AUS
1460,IAD,JFK
1461,IAD,EYW
1462,IAD,PIT
1463,IAD,CMH
1464,IAD,BNA
1465,IAD,EWR
1466,IAD,SAN
1467,IAD,DEN
1468,IAD,BTV
1469,IAD,MSY
1470,IAD,SAT
1471,IAD,SFO
1472,IAD,FLL
1473,IAD,MDW
1474,IAD,SLC
1475,IAD,HNL
1476,IAD,SBN
1477,IAD,DFW
1478,IAD,MCO
1479,IAD,SMF
1480,IAD,PSP
1481,IAD,ORD
1482,IAD,IAH
1483,IAD,MYR
1484,IAD,CLE
1485,IAD,MCI
1486,IAD,BOS
1487,IAD,PWM
1488,IAD,SRQ
1489,IAD,BUF
1490,IAD,MIA
1491,IAD,RDU
1492,IAD,LAS
1493,IAD,LGA
1494,IAD,MSN
1495,IAD,RSW
1496,IAD,CVG
1497,IAD,SYR
1498,IAD,MSP
1499,IAD,SAV
1500,IAD,BWI
1501,IAD,LAX
1502,IAD,PGD
1503,IAD,BZN
1504,IAD,SEA
1505,IAD,DTW
1506,IAD,MKE
1507,IAD,ANC
1508,IAD,STT
1509,IAD,SJU
1510,IAD,PBI
1511,IAD,BDL
1512,IAD,IND
1513,IAD,HSV
1514,IAD,JAX
1515,IAD,CLT
1516,IAD,HDN
1517,IAD,TPA
1518,IAD,SDF
1519,IAD,JST
1520,IAD,ATL
1521,IAD,ORF
1522,IAD,PVD
1523,IAD,CHS
1524,IAD,MGW
1525,IAD,PDX
1526,IAD,ROC
1527,IAD,PHX
1528,MDT,DTW
1529,MDT,FLL
1530,MDT,PHX
1531,MDT,SFB
1532,MDT,DFW
1533,MDT,PIE
1534,MDT,MCO
1535,MDT,JAX
1536,MDT,CLT
1537,MDT,BNA
1538,MDT,ORD
1539,MDT,EWR
1540,MDT,ATL
1541,MDT,MSP
1542,MDT,MYR
1543,MDT,PGD
1544,MDT,SEA
1545,MDT,SRQ
1546,ATW,SFB
1547,ATW,BNA
1548,ATW,EWR
1549,ATW,DEN
1550,ATW,FLL
1551,ATW,PIE
1552,ATW,DFW
1553,ATW,ORD
1554,ATW,SRQ
1555,ATW,LAS
1556,ATW,MSP
1557,ATW,SAV
1558,ATW,PGD
1559,ATW,LAX
1560,ATW,AZA
1561,ATW,DTW
1562,ATW,JAX
1563,ATW,CLT
1564,ATW,ATL
1565,ATW,PDX
1566,BDL,BNA
1567,BDL,DEN
1568,BDL,FLL
1569,BDL,MDW
1570,BDL,DFW
1571,BDL,MCO
1572,BDL,ORD
1573,BDL,MYR
1574,BDL,IAD
1575,BDL,PHL
1576,BDL,MIA
1577,BDL,RDU
1578,BDL,LGA
1579,BDL,RSW
1580,BDL,MSP
1581,BDL,BWI
1582,BDL,LAX
1583,BDL,DTW
1584,BDL,SJU
1585,BDL,PBI
1586,BDL,CLT
1587,BDL,TPA
1588,BDL,ATL
1589,BDL,DCA
1590,HSV,DTW
1591,HSV,MIA
1592,HSV,DFW
1593,HSV,OKC
1594,HSV,MSN
1595,HSV,CLT
1596,HSV,ORD
1597,HSV,DCA
1598,HSV,ATL
1599,HSV,DEN
1600,HSV,IAD
1601,XNA,AUS
1602,XNA,SFB
1603,XNA,BNA
1604,XNA,DEN
1605,XNA,FLL
1606,XNA,DFW
1607,XNA,PIE
1608,XNA,MCO
1609,XNA,ORD
1610,XNA,IAH
1611,XNA,TYS
1612,XNA,VPS
1613,XNA,PHL
1614,XNA,MIA
1615,XNA,LAS
1616,XNA,LGA
1617,XNA,MSP
1618,XNA,LAX
1619,XNA,AZA
1620,XNA,DTW
1621,XNA,CLT
1622,XNA,ATL
1623,XNA,DCA
1624,XNA,PHX
1625,CLT,PIT
1626,CLT,ROA
1627,CLT,BNA
1628,CLT,SNA
1629,CLT,BTV
1630,CLT,RAP
1631,CLT,MSY
1632,CLT,TVC
1633,CLT,EWN
1634,CLT,SHV
1635,CLT,JAC
1636,CLT,TRI
1637,CLT,CAE
1638,CLT,EVV
1639,CLT,ORD
1640,CLT,JAN
1641,CLT,IAH
1642,CLT,MYR
1643,CLT,CLE
1644,CLT,MHT
1645,CLT,VPS
1646,CLT,MIA
1647,CLT,XNA
1648,CLT,LGA
1649,CLT,CRW
1650,CLT,TUL
1651,CLT,RIC
1652,CLT,SYR
1653,CLT,STX
1654,CLT,PNS
1655,CLT,GPT
1656,CLT,AVL
1657,CLT,SDF
1658,CLT,DAL
1659,CLT,DCA
1660,CLT,MVY
1661,CLT,CHS
1662,CLT,ROC
1663,CLT,DAB
1664,CLT,AUS
1665,CLT,MDT
1666,CLT,ACK
1667,CLT,LIT
1668,CLT,SAT
1669,CLT,FLL
1670,CLT,MDW
1671,CLT,HOU
1672,CLT,CHA
1673,CLT,OKC
1674,CLT,MCO
1675,CLT,BHM
1676,CLT,MCI
1677,CLT,BOS
1678,CLT,OMA
1679,CLT,TYS
1680,CLT,SRQ
1681,CLT,IAD
1682,CLT,PHL
1683,CLT,RDU
1684,CLT,LAS
1685,CLT,RSW
1686,CLT,CVG
1687,CLT,FWA
1688,CLT,SAV
1689,CLT,BZN
1690,CLT,GRR
1691,CLT,DTW
1692,CLT,PBI
1693,CLT,DAY
1694,CLT,LFT
1695,CLT,ABE
1696,CLT,ONT
1697,CLT,PIA
1698,CLT,ATL
1699,CLT,AVP
1700,CLT,PHX
1701,CLT,BTR
1702,CLT,TLH
1703,CLT,EYW
1704,CLT,CMH
1705,CLT,EWR
1706,CLT,SAN
1707,CLT,DEN
1708,CLT,SFO
1709,CLT,SLC
1710,CLT,DFW
1711,CLT,SGF
1712,CLT,PWM
1713,CLT,ILM
1714,CLT,TTN
1715,CLT,GEG
1716,CLT,DSM
1717,CLT,FAY
1718,CLT,MSP
1719,CLT,GNV
1720,CLT,MLB
1721,CLT,LAX
1722,CLT,SEA
1723,CLT,IND
1724,CLT,SJU
1725,CLT,BDL
1726,CLT,TPA
1727,CLT,ORF
1728,CLT,ECP
1729,CLT,PVD
1730,CLT,PDX
1731,CLT,GSP
1732,CLT,ATW
1733,CLT,JFK
1734,CLT,CHO
1735,CLT,MEM
1736,CLT,SBN
1737,CLT,SMF
1738,CLT,HPN
1739,CLT,CAK
1740,CLT,MLI
1741,CLT,AGS
1742,CLT,OAJ
1743,CLT,BUF
1744,CLT,MSN
1745,CLT,GSO
1746,CLT,BWI
1747,CLT,MKE
1748,CLT,STT
1749,CLT,CID
1750,CLT,ALB
1751,CLT,HSV
1752,CLT,JAX
1753,CLT,BGR
1754,CLT,LEX
1755,CLT,STL
1756,CLT,HHH
1757,MLU,DFW
1758,MLU,ATL
1759,MLI,LAS
1760,MLI,DFW
1761,MLI,PIE
1762,MLI,SFB
1763,MLI,CLT
1764,MLI,ORD
1765,MLI,ATL
1766,MLI,DEN
1767,MLI,PGD
1768,MLI,AZA
1769,OAJ,CLT
1770,OAJ,ATL
1771,ABE,FLL
1772,ABE,SFB
1773,ABE,PIE
1774,ABE,MCO
1775,ABE,CLT
1776,ABE,BNA
1777,ABE,ORD
1778,ABE,ATL
1779,ABE,DEN
1780,ABE,MYR
1781,ABE,MLB
1782,ABE,PGD
1783,ABE,SRQ
1784,AGS,DTW
1785,AGS,AUS
1786,AGS,PHL
1787,AGS,JFK
1788,AGS,PBI
1789,AGS,MIA
1790,AGS,DFW
1791,AGS,LGA
1792,AGS,MCO
1793,AGS,CLT
1794,AGS,ORD
1795,AGS,DCA
1796,AGS,ATL
1797,AGS,BOS
1798,AGS,PHX
1799,PHL,PIT
1800,PHL,ROA
1801,PHL,BNA
1802,PHL,BTV
1803,PHL,TVC
1804,PHL,MSY
1805,PHL,ORD
1806,PHL,IAH
1807,PHL,MYR
1808,PHL,CLE
1809,PHL,MHT
1810,PHL,VPS
1811,PHL,MIA
1812,PHL,XNA
1813,PHL,LGA
1814,PHL,RIC
1815,PHL,SYR
1816,PHL,PNS
1817,PHL,DAL
1818,PHL,SDF
1819,PHL,AVL
1820,PHL,DCA
1821,PHL,MVY
1822,PHL,CHS
1823,PHL,ROC
1824,PHL,AUS
1825,PHL,ACK
1826,PHL,SAT
1827,PHL,FLL
1828,PHL,MDW
1829,PHL,HOU
1830,PHL,MCO
1831,PHL,BHM
1832,PHL,MCI
1833,PHL,BOS
1834,PHL,TYS
1835,PHL,IAD
1836,PHL,SRQ
1837,PHL,RDU
1838,PHL,LAS
1839,PHL,RSW
1840,PHL,CVG
1841,PHL,SAV
1842,PHL,GRR
1843,PHL,DTW
1844,PHL,PBI
1845,PHL,DAY
1846,PHL,ATL
1847,PHL,PHX
1848,PHL,EYW
1849,PHL,CMH
1850,PHL,EWR
1851,PHL,SAN
1852,PHL,DEN
1853,PHL,SCE
1854,PHL,SFO
1855,PHL,SLC
1856,PHL,DFW
1857,PHL,PWM
1858,PHL,ILM
1859,PHL,TTN
1860,PHL,MSP
1861,PHL,LAX
1862,PHL,SEA
1863,PHL,SJU
1864,PHL,BDL
1865,PHL,IND
1866,PHL,TPA
1867,PHL,ORF
1868,PHL,ECP
1869,PHL,PVD
1870,PHL,PDX
1871,PHL,GSP
1872,PHL,MEM
1873,PHL,SBN
1874,PHL,AGS
1875,PHL,BUF
1876,PHL,MSN
1877,PHL,GSO
1878,PHL,MKE
1879,PHL,STT
1880,PHL,JAX
1881,PHL,BGR
1882,PHL,CLT
1883,PHL,LEX
1884,PHL,STL
1885,PHL,HHH
1886,BHM,BNA
1887,BHM,DEN
1888,BHM,FLL
1889,BHM,MDW
1890,BHM,HOU
1891,BHM,DFW
1892,BHM,OKC
1893,BHM,MCO
1894,BHM,ORD
1895,BHM,IAH
1896,BHM,PHL
1897,BHM,MIA
1898,BHM,LAS
1899,BHM,LGA
1900,BHM,MSN
1901,BHM,BWI
1902,BHM,DTW
1903,BHM,MKE
1904,BHM,CLT
1905,BHM,DAL
1906,BHM,TPA
1907,BHM,ATL
1908,BHM,DCA
1909,BHM,PHX
1910,PVD,BNA
1911,PVD,EWR
1912,PVD,DEN
1913,PVD,FLL
1914,PVD,MDW
1915,PVD,MCO
1916,PVD,ORD
1917,PVD,IAD
1918,PVD,PHL
1919,PVD,LGA
1920,PVD,RSW
1921,PVD,CVG
1922,PVD,MSP
1923,PVD,BWI
1924,PVD,PGD
1925,PVD,DTW
1926,PVD,SJU
1927,PVD,PBI
1928,PVD,CLT
1929,PVD,DAL
1930,PVD,TPA
1931,PVD,ATL
1932,PVD,DCA
1933,GFK,LAS
1934,GFK,SFB
1935,GFK,AZA
1936,GFK,MSP
1937,PNS,AUS
1938,PNS,BNA
1939,PNS,DEN
1940,PNS,FLL
1941,PNS,MDW
1942,PNS,HOU
1943,PNS,DFW
1944,PNS,MCO
1945,PNS,ORD
1946,PNS,IAH
1947,PNS,MCI
1948,PNS,CLE
1949,PNS,PHL
1950,PNS,MIA
1951,PNS,LGA
1952,PNS,CVG
1953,PNS,CLT
1954,PNS,DAL
1955,PNS,STL
1956,PNS,ATL
1957,PNS,DCA
1958,IND,AUS
1959,IND,JFK
1960,IND,EYW
1961,IND,SFB
1962,IND,EWR
1963,IND,SAN
1964,IND,DEN
1965,IND,MSY
1966,IND,SFO
1967,IND,FLL
1968,IND,SLC
1969,IND,HOU
1970,IND,DFW
1971,IND,PIE
1972,IND,MCO
1973,IND,ORD
1974,IND,IAH
1975,IND,MCI
1976,IND,MYR
1977,IND,BOS
1978,IND,IAD
1979,IND,SRQ
1980,IND,VPS
1981,IND,BUF
1982,IND,PHL
1983,IND,MIA
1984,IND,RDU
1985,IND,LAS
1986,IND,LGA
1987,IND,RSW
1988,IND,EUG
1989,IND,MSP
1990,IND,BWI
1991,IND,PGD
1992,IND,LAX
1993,IND,SAV
1994,IND,SEA
1995,IND,DTW
1996,IND,PBI
1997,IND,JAX
1998,IND,CLT
1999,IND,DAL
2000,IND,TPA
2001,IND,ATL
2002,IND,DCA
2003,IND,ECP
2004,IND,CHS
2005,IND,PDX
2006,IND,PHX
2007,ILM,PHL
2008,ILM,MIA
2009,ILM,DFW
2010,ILM,LGA
2011,ILM,CLT
2012,ILM,EWR
2013,ILM,ORD
2014,ILM,ATL
2015,ILM,DCA
2016,ILM,MSP
2017,ILM,BOS
2018,FAY,CLT
2019,FAY,DFW
2020,FAY,ATL
2021,BGR,FLL
2022,BGR,PHL
2023,BGR,JFK
2024,BGR,SFB
2025,BGR,PIE
2026,BGR,LGA
2027,BGR,EWR
2028,BGR,CLT
2029,BGR,ORD
2030,BGR,DCA
2031,BGR,PGD
2032,BUF,JFK
2033,BUF,EWR
2034,BUF,BNA
2035,BUF,DEN
2036,BUF,FLL
2037,BUF,MDW
2038,BUF,HOU
2039,BUF,DFW
2040,BUF,MCO
2041,BUF,ORD
2042,BUF,MCI
2043,BUF,BOS
2044,BUF,IAD
2045,BUF,SRQ
2046,BUF,PHL
2047,BUF,MIA
2048,BUF,RDU
2049,BUF,LAS
2050,BUF,LGA
2051,BUF,RSW
2052,BUF,MSP
2053,BUF,BWI
2054,BUF,LAX
2055,BUF,SEA
2056,BUF,DTW
2057,BUF,IND
2058,BUF,PBI
2059,BUF,CLT
2060,BUF,DAL
2061,BUF,TPA
2062,BUF,ATL
2063,BUF,DCA
2064,BUF,PHX
2065,LAN,DTW
2066,LAN,DCA
2067,TYS,AUS
2068,TYS,SFB
2069,TYS,CMH
2070,TYS,EWR
2071,TYS,DEN
2072,TYS,FLL
2073,TYS,MDW
2074,TYS,HOU
2075,TYS,SBN
2076,TYS,DFW
2077,TYS,PIE
2078,TYS,OKC
2079,TYS,MCO
2080,TYS,ORD
2081,TYS,IAH
2082,TYS,BOS
2083,TYS,IAD
2084,TYS,VPS
2085,TYS,PHL
2086,TYS,MIA
2087,TYS,XNA
2088,TYS,LAS
2089,TYS,LGA
2090,TYS,MSP
2091,TYS,PGD
2092,TYS,DTW
2093,TYS,BLV
2094,TYS,PBI
2095,TYS,JAX
2096,TYS,CLT
2097,TYS,TPA
2098,TYS,ATL
2099,TYS,DCA
2100,TYS,PHX
2101,HPN,DTW
2102,HPN,FLL
2103,HPN,SJU
2104,HPN,PBI
2105,HPN,MIA
2106,HPN,MCO
2107,HPN,RSW
2108,HPN,CLT
2109,HPN,TPA
2110,HPN,ORD
2111,HPN,ATL
2112,HPN,DCA
2113,HPN,ACK
2114,HPN,CHS
2115,SAV,JFK
2116,SAV,PIT
2117,SAV,EWR
2118,SAV,BNA
2119,SAV,DEN
2120,SAV,FLL
2121,SAV,MDW
2122,SAV,HOU
2123,SAV,DFW
2124,SAV,PIE
2125,SAV,CAK
2126,SAV,ORD
2127,SAV,IAH
2128,SAV,CLE
2129,SAV,BOS
2130,SAV,IAD
2131,SAV,PHL
2132,SAV,MIA
2133,SAV,LGA
2134,SAV,CVG
2135,SAV,MSP
2136,SAV,BWI
2137,SAV,PGD
2138,SAV,GRR
2139,SAV,DTW
2140,SAV,IND
2141,SAV,BLV
2142,SAV,CLT
2143,SAV,DAL
2144,SAV,SDF
2145,SAV,STL
2146,SAV,ATL
2147,SAV,DCA
2148,SAV,LCK
2149,SAV,ATW
2150,CAE,MIA
2151,CAE,DFW
2152,CAE,LGA
2153,CAE,OKC
2154,CAE,CLT
2155,CAE,ORD
2156,CAE,DCA
2157,CAE,ATL
2158,CID,SFB
2159,CID,CMH
2160,CID,BNA
2161,CID,DEN
2162,CID,FLL
2163,CID,DFW
2164,CID,PIE
2165,CID,MCO
2166,CID,ORD
2167,CID,SRQ
2168,CID,MIA
2169,CID,LAS
2170,CID,MSP
2171,CID,PGD
2172,CID,LAX
2173,CID,AZA
2174,CID,SEA
2175,CID,DTW
2176,CID,CLT
2177,CID,ATL
2178,CID,DCA
2179,CID,PHX
2180,SGF,VPS
2181,SGF,LAS
2182,SGF,PIE
2183,SGF,DFW
2184,SGF,SFB
2185,SGF,CLT
2186,SGF,ORD
2187,SGF,ATL
2188,SGF,DEN
2189,SGF,IAH
2190,SGF,PGD
2191,SGF,LAX
2192,SGF,AZA
2193,SDF,AUS
2194,SDF,JFK
2195,SDF,SFB
2196,SDF,EWR
2197,SDF,DEN
2198,SDF,SFO
2199,SDF,FLL
2200,SDF,MDW
2201,SDF,SLC
2202,SDF,HOU
2203,SDF,DFW
2204,SDF,PIE
2205,SDF,MCO
2206,SDF,ORD
2207,SDF,IAH
2208,SDF,MYR
2209,SDF,BOS
2210,SDF,IAD
2211,SDF,SRQ
2212,SDF,VPS
2213,SDF,PHL
2214,SDF,MIA
2215,SDF,RDU
2216,SDF,LAS
2217,SDF,LGA
2218,SDF,RSW
2219,SDF,MSP
2220,SDF,BWI
2221,SDF,PGD
2222,SDF,LAX
2223,SDF,SAV
2224,SDF,DTW
2225,SDF,CLT
2226,SDF,DAL
2227,SDF,TPA
2228,SDF,ATL
2229,SDF,DCA
2230,SDF,PHX
2231,JAX,AUS
2232,JAX,JFK
2233,JAX,MDT
2234,JAX,PIT
2235,JAX,EWR
2236,JAX,BNA
2237,JAX,FNT
2238,JAX,DEN
2239,JAX,FLL
2240,JAX,MDW
2241,JAX,HOU
2242,JAX,DFW
2243,JAX,ORD
2244,JAX,IAH
2245,JAX,ATW
2246,JAX,CLE
2247,JAX,BOS
2248,JAX,IAD
2249,JAX,TYS
2250,JAX,PHL
2251,JAX,MIA
2252,JAX,LGA
2253,JAX,CVG
2254,JAX,MSP
2255,JAX,BWI
2256,JAX,DTW
2257,JAX,MKE
2258,JAX,SJU
2259,JAX,IND
2260,JAX,BLV
2261,JAX,CLT
2262,JAX,DAL
2263,JAX,STL
2264,JAX,DCA
2265,JAX,ATL
2266,JAX,ORF
2267,JAX,PHX
2268,RSW,AUS
2269,RSW,JFK
2270,RSW,ISP
2271,RSW,PIT
2272,RSW,CMH
2273,RSW,EWR
2274,RSW,BNA
2275,RSW,DEN
2276,RSW,SFO
2277,RSW,MDW
2278,RSW,ACY
2279,RSW,HOU
2280,RSW,DFW
2281,RSW,HPN
2282,RSW,MCO
2283,RSW,ORH
2284,RSW,ORD
2285,RSW,IAH
2286,RSW,MCI
2287,RSW,CLE
2288,RSW,BOS
2289,RSW,IAD
2290,RSW,TTN
2291,RSW,BUF
2292,RSW,PHL
2293,RSW,LGA
2294,RSW,RIC
2295,RSW,CVG
2296,RSW,SYR
2297,RSW,MSP
2298,RSW,BWI
2299,RSW,LAX
2300,RSW,SEA
2301,RSW,GRR
2302,RSW,DTW
2303,RSW,MKE
2304,RSW,IND
2305,RSW,BDL
2306,RSW,SJU
2307,RSW,ALB
2308,RSW,CLT
2309,RSW,DAL
2310,RSW,SDF
2311,RSW,STL
2312,RSW,DCA
2313,RSW,ATL
2314,RSW,ORF
2315,RSW,CHS
2316,RSW,PVD
2317,CHO,CLT
2318,CHO,ORD
2319,CHO,LGA
2320,CHO,ATL
2321,GRB,DTW
2322,GRB,MCO
2323,GRB,JAX
2324,GRB,SJC
2325,GRB,ORD
2326,GRB,ATL
2327,GRB,MSP
2328,GRB,DEN
2329,GRB,SEA
2330,DHN,ATL
2331,CHA,DTW
2332,CHA,MIA
2333,CHA,SFB
2334,CHA,DFW
2335,CHA,PIE
2336,CHA,LAS
2337,CHA,LGA
2338,CHA,CLT
2339,CHA,ORD
2340,CHA,ATL
2341,CHA,DCA
2342,AEX,DFW
2343,AEX,ATL
2344,BTR,LAS
2345,BTR,DFW
2346,BTR,OKC
2347,BTR,CLT
2348,BTR,DCA
2349,BTR,ATL
2350,BTR,IAH
2351,VLD,ATL
2352,MOB,DFW
2353,MOB,ATL
2354,MOB,IAH
2355,EYW,PIT
2356,EYW,SFB
2357,EYW,EWR
2358,EYW,BNA
2359,EYW,DFW
2360,EYW,PIE
2361,EYW,ORD
2362,EYW,IAH
2363,EYW,BOS
2364,EYW,IAD
2365,EYW,PHL
2366,EYW,MIA
2367,EYW,LGA
2368,EYW,CVG
2369,EYW,IND
2370,EYW,CLT
2371,EYW,AVL
2372,EYW,ATL
2373,EYW,DCA
2374,MGM,DCA
2375,MGM,DFW
2376,MGM,ATL
2377,BMI,SFB
2378,BMI,DFW
2379,BMI,PIE
2380,BMI,ATL
2381,BMI,DEN
2382,BGM,DTW
2383,BGM,LGA
2384,DAY,PHL
2385,DAY,SFB
2386,DAY,DFW
2387,DAY,LGA
2388,DAY,PIE
2389,DAY,CLT
2390,DAY,ORD
2391,DAY,DCA
2392,DAY,ATL
2393,DAY,DEN
2394,DAY,PGD
2395,TRI,SFB
2396,TRI,DFW
2397,TRI,PIE
2398,TRI,CLT
2399,TRI,ATL
2400,LFT,DFW
2401,LFT,CLT
2402,LFT,ATL
2403,LFT,IAH
2404,LFT,MSY
2405,CMH,AUS
2406,CMH,JFK
2407,CMH,BNA
2408,CMH,EWR
2409,CMH,SAN
2410,CMH,DEN
2411,CMH,MSY
2412,CMH,SFO
2413,CMH,FLL
2414,CMH,MDW
2415,CMH,SLC
2416,CMH,HOU
2417,CMH,DFW
2418,CMH,MCO
2419,CMH,ORD
2420,CMH,IAH
2421,CMH,MYR
2422,CMH,MCI
2423,CMH,BOS
2424,CMH,IAD
2425,CMH,OMA
2426,CMH,SRQ
2427,CMH,TYS
2428,CMH,PHL
2429,CMH,MIA
2430,CMH,LAS
2431,CMH,LGA
2432,CMH,RSW
2433,CMH,EUG
2434,CMH,MSP
2435,CMH,BWI
2436,CMH,LAX
2437,CMH,SEA
2438,CMH,DTW
2439,CMH,CID
2440,CMH,CLT
2441,CMH,DAL
2442,CMH,TPA
2443,CMH,STL
2444,CMH,ATL
2445,CMH,DCA
2446,CMH,PDX
2447,CMH,PHX
2448,CWA,MSP
2449,RST,ORD
2450,RST,MSP
2451,ROA,PHL
2452,ROA,SFB
2453,ROA,PIE
2454,ROA,LGA
2455,ROA,CLT
2456,ROA,ORD
2457,ROA,ATL
2458,ORF,JFK
2459,ORF,SFB
2460,ORF,BNA
2461,ORF,EWR
2462,ORF,DEN
2463,ORF,FLL
2464,ORF,MDW
2465,ORF,DFW
2466,ORF,PIE
2467,ORF,MCO
2468,ORF,ORD
2469,ORF,IAH
2470,ORF,BOS
2471,ORF,IAD
2472,ORF,PHL
2473,ORF,MIA
2474,ORF,LGA
2475,ORF,RSW
2476,ORF,CVG
2477,ORF,MSP
2478,ORF,BWI
2479,ORF,DTW
2480,ORF,SJU
2481,ORF,JAX
2482,ORF,CLT
2483,ORF,DAL
2484,ORF,TPA
2485,ORF,STL
2486,ORF,ATL
2487,ORF,DCA
2488,MQT,DTW
2489,MQT,ORD
2490,ICT,VPS
2491,ICT,MIA
2492,ICT,LAS
2493,ICT,DFW
2494,ICT,SFB
2495,ICT,PIE
2496,ICT,ORD
2497,ICT,STL
2498,ICT,ATL
2499,ICT,DEN
2500,ICT,MSP
2501,ICT,IAH
2502,ICT,DCA
2503,ICT,LAX
2504,ICT,AZA
2505,ICT,DDC
2506,ICT,PHX
2507,GSO,DTW
2508,GSO,PHL
2509,GSO,MIA
2510,GSO,SFB
2511,GSO,DFW
2512,GSO,LGA
2513,GSO,PIE
2514,GSO,CLT
2515,GSO,EWR
2516,GSO,ORD
2517,GSO,ATL
2518,GSO,DCA
2519,GSO,DEN
2520,GSP,AUS
2521,GSP,SFB
2522,GSP,EWR
2523,GSP,BNA
2524,GSP,DEN
2525,GSP,FLL
2526,GSP,HOU
2527,GSP,DFW
2528,GSP,PIE
2529,GSP,ORD
2530,GSP,IAH
2531,GSP,PHL
2532,GSP,MIA
2533,GSP,LGA
2534,GSP,BWI
2535,GSP,DTW
2536,GSP,CLT
2537,GSP,ATL
2538,GSP,DCA
2539,MKE,JFK
2540,MKE,BNA
2541,MKE,EWR
2542,MKE,SAN
2543,MKE,DEN
2544,MKE,FLL
2545,MKE,SLC
2546,MKE,DFW
2547,MKE,MCO
2548,MKE,ORD
2549,MKE,BHM
2550,MKE,IAH
2551,MKE,MCI
2552,MKE,BOS
2553,MKE,IAD
2554,MKE,SRQ
2555,MKE,PHL
2556,MKE,MIA
2557,MKE,RDU
2558,MKE,LAS
2559,MKE,LGA
2560,MKE,RSW
2561,MKE,MSP
2562,MKE,BWI
2563,MKE,LAX
2564,MKE,SEA
2565,MKE,DTW
2566,MKE,JAX
2567,MKE,CLT
2568,MKE,DAL
2569,MKE,TPA
2570,MKE,STL
2571,MKE,ATL
2572,MKE,DCA
2573,MKE,PHX
2574,ALB,SFB
2575,ALB,BNA
2576,ALB,EWR
2577,ALB,DEN
2578,ALB,FLL
2579,ALB,MDW
2580,ALB,DFW
2581,ALB,PIE
2582,ALB,MCO
2583,ALB,ORD
2584,ALB,MYR
2585,ALB,MIA
2586,ALB,LAS
2587,ALB,LGA
2588,ALB,RSW
2589,ALB,BWI
2590,ALB,PGD
2591,ALB,DTW
2592,ALB,CLT
2593,ALB,TPA
2594,ALB,ATL
2595,ALB,DCA
2596,BTV,DTW
2597,BTV,PHL
2598,BTV,JFK
2599,BTV,SFB
2600,BTV,DFW
2601,BTV,LGA
2602,BTV,MCO
2603,BTV,CLT
2604,BTV,EWR
2605,BTV,ORD
2606,BTV,TPA
2607,BTV,DCA
2608,BTV,ATL
2609,BTV,DEN
2610,BTV,MSP
2611,BTV,IAD
2612,BWI,AUS
2613,BWI,JFK
2614,BWI,ISP
2615,BWI,PIT
2616,BWI,CMH
2617,BWI,BNA
2618,BWI,SJC
2619,BWI,OAK
2620,BWI,SAN
2621,BWI,DEN
2622,BWI,MSY
2623,BWI,SAT
2624,BWI,SFO
2625,BWI,FLL
2626,BWI,MDW
2627,BWI,SLC
2628,BWI,HOU
2629,BWI,MEM
2630,BWI,DFW
2631,BWI,MCO
2632,BWI,SMF
2633,BWI,ORD
2634,BWI,JAN
2635,BWI,BHM
2636,BWI,IAH
2637,BWI,MYR
2638,BWI,CLE
2639,BWI,MHT
2640,BWI,MCI
2641,BWI,BOS
2642,BWI,PWM
2643,BWI,SRQ
2644,BWI,VPS
2645,BWI,BUF
2646,BWI,PHL
2647,BWI,MIA
2648,BWI,RDU
2649,BWI,LAS
2650,BWI,ECP
2651,BWI,RSW
2652,BWI,RIC
2653,BWI,CVG
2654,BWI,SYR
2655,BWI,MSP
2656,BWI,ROC
2657,BWI,SAV
2658,BWI,PGD
2659,BWI,LAX
2660,BWI,SEA
2661,BWI,GRR
2662,BWI,DTW
2663,BWI,MKE
2664,BWI,SJU
2665,BWI,BDL
2666,BWI,IND
2667,BWI,ALB
2668,BWI,PBI
2669,BWI,JAX
2670,BWI,CLT
2671,BWI,DAL
2672,BWI,TPA
2673,BWI,SDF
2674,BWI,STL
2675,BWI,ATL
2676,BWI,ORF
2677,BWI,PVD
2678,BWI,CHS
2679,BWI,ABQ
2680,BWI,AVL
2681,BWI,COS
2682,BWI,PDX
2683,BWI,GSP
2684,BWI,PHX
2685,JAN,HOU
2686,JAN,DFW
2687,JAN,MCO
2688,JAN,CLT
2689,JAN,ATL
2690,JAN,DCA
2691,JAN,BWI
2692,LIT,VPS
2693,LIT,HOU
2694,LIT,MIA
2695,LIT,LAS
2696,LIT,DFW
2697,LIT,LGA
2698,LIT,SFB
2699,LIT,PIE
2700,LIT,CLT
2701,LIT,DAL
2702,LIT,ORD
2703,LIT,STL
2704,LIT,DCA
2705,LIT,ATL
2706,LIT,DEN
2707,LIT,IAH
2708,LIT,LAX
2709,LIT,PHX
2710,BNA,PIT
2711,BNA,OAK
2712,BNA,SNA
2713,BNA,MSY
2714,BNA,BUR
2715,BNA,ORD
2716,BNA,IAH
2717,BNA,MYR
2718,BNA,CLE
2719,BNA,VPS
2720,BNA,MIA
2721,BNA,XNA
2722,BNA,LGA
2723,BNA,RIC
2724,BNA,SYR
2725,BNA,PNS
2726,BNA,DAL
2727,BNA,DCA
2728,BNA,CHS
2729,BNA,AUS
2730,BNA,MDT
2731,BNA,SAT
2732,BNA,FLL
2733,BNA,MDW
2734,BNA,HOU
2735,BNA,OKC
2736,BNA,MCO
2737,BNA,BHM
2738,BNA,MCI
2739,BNA,BOS
2740,BNA,IAD
2741,BNA,OMA
2742,BNA,SRQ
2743,BNA,PHL
2744,BNA,RDU
2745,BNA,LAS
2746,BNA,RSW
2747,BNA,CVG
2748,BNA,SAV
2749,BNA,BZN
2750,BNA,GRR
2751,BNA,DTW
2752,BNA,ABE
2753,BNA,ONT
2754,BNA,LGB
2755,BNA,PIA
2756,BNA,ATL
2757,BNA,PHX
2758,BNA,EYW
2759,BNA,CMH
2760,BNA,EWR
2761,BNA,RFD
2762,BNA,SAN
2763,BNA,DEN
2764,BNA,SFO
2765,BNA,SLC
2766,BNA,PVU
2767,BNA,DFW
2768,BNA,PIE
2769,BNA,PWM
2770,BNA,DSM
2771,BNA,MSP
2772,BNA,MLB
2773,BNA,LAX
2774,BNA,SEA
2775,BNA,SJU
2776,BNA,BDL
2777,BNA,TPA
2778,BNA,ORF
2779,BNA,PVD
2780,BNA,ECP
2781,BNA,PDX
2782,BNA,GSP
2783,BNA,ATW
2784,BNA,JFK
2785,BNA,FAR
2786,BNA,SFB
2787,BNA,SJC
2788,BNA,FNT
2789,BNA,CAK
2790,BNA,SMF
2791,BNA,BUF
2792,BNA,BWI
2793,BNA,PGD
2794,BNA,FSD
2795,BNA,MKE
2796,BNA,CID
2797,BNA,ALB
2798,BNA,JAX
2799,BNA,CLT
2800,BNA,HDN
2801,BNA,STL
2802,LAX,PIT
2803,LAX,BNA
2804,LAX,OAK
2805,LAX,SNA
2806,LAX,RAP
2807,LAX,MSY
2808,LAX,JAC
2809,LAX,BUR
2810,LAX,ORD
2811,LAX,PRC
2812,LAX,IAH
2813,LAX,CLE
2814,LAX,MIA
2815,LAX,XNA
2816,LAX,LGA
2817,LAX,TUL
2818,LAX,SGU
2819,LAX,LRD
2820,LAX,DAL
2821,LAX,SDF
2822,LAX,MTJ
2823,LAX,DCA
2824,LAX,AUS
2825,LAX,RNO
2826,LAX,RDM
2827,LAX,LIT
2828,LAX,SAT
2829,LAX,SBA
2830,LAX,FLL
2831,LAX,MDW
2832,LAX,HOU
2833,LAX,HNL
2834,LAX,LIH
2835,LAX,OKC
2836,LAX,MCO
2837,LAX,SBP
2838,LAX,BHM
2839,LAX,MCI
2840,LAX,ICT
2841,LAX,BOS
2842,LAX,IAD
2843,LAX,OMA
2844,LAX,FCA
2845,LAX,PHL
2846,LAX,RDU
2847,LAX,FAT
2848,LAX,LAS
2849,LAX,RSW
2850,LAX,CVG
2851,LAX,EGE
2852,LAX,BZN
2853,LAX,GRR
2854,LAX,DTW
2855,LAX,RDD
2856,LAX,ANC
2857,LAX,PBI
2858,LAX,MRY
2859,LAX,GJT
2860,LAX,ATL
2861,LAX,PHX
2862,LAX,SUN
2863,LAX,CMH
2864,LAX,PSC
2865,LAX,EWR
2866,LAX,BOI
2867,LAX,RFD
2868,LAX,SAN
2869,LAX,DEN
2870,LAX,SFO
2871,LAX,SLC
2872,LAX,PVU
2873,LAX,DFW
2874,LAX,SGF
2875,LAX,MSO
2876,LAX,GEG
2877,LAX,DSM
2878,LAX,KOA
2879,LAX,MFR
2880,LAX,BLI
2881,LAX,MSP
2882,LAX,SEA
2883,LAX,IND
2884,LAX,BDL
2885,LAX,FLG
2886,LAX,ELP
2887,LAX,TPA
2888,LAX,PDX
2889,LAX,ACV
2890,LAX,ATW
2891,LAX,JFK
2892,LAX,SJC
2893,LAX,STS
2894,LAX,PAE
2895,LAX,BIL
2896,LAX,MEM
2897,LAX,SMF
2898,LAX,OGG
2899,LAX,PSP
2900,LAX,ASE
2901,LAX,BUF
2902,LAX,TUS
2903,LAX,MSN
2904,LAX,EUG
2905,LAX,BWI
2906,LAX,FSD
2907,LAX,MKE
2908,LAX,CID
2909,LAX,CLT
2910,LAX,HDN
2911,LAX,STL
2912,LAX,ABQ
2913,LAX,MFE
2914,PDX,AUS
2915,PDX,JFK
2916,PDX,CMH
2917,PDX,RNO
2918,PDX,EWR
2919,PDX,SJC
2920,PDX,OAK
2921,PDX,BOI
2922,PDX,SNA
2923,PDX,SAN
2924,PDX,DEN
2925,PDX,BNA
2926,PDX,STS
2927,PDX,IDA
2928,PDX,SFO
2929,PDX,FLL
2930,PDX,SBA
2931,PDX,MDW
2932,PDX,SLC
2933,PDX,PVU
2934,PDX,HNL
2935,PDX,LIH
2936,PDX,DFW
2937,PDX,MCO
2938,PDX,SMF
2939,PDX,MSO
2940,PDX,PSP
2941,PDX,BUR
2942,PDX,ORD
2943,PDX,OGG
2944,PDX,SBP
2945,PDX,IAH
2946,PDX,ATW
2947,PDX,MCI
2948,PDX,BOS
2949,PDX,IAD
2950,PDX,PHL
2951,PDX,GEG
2952,PDX,TUS
2953,PDX,MIA
2954,PDX,FAT
2955,PDX,LAS
2956,PDX,DSM
2957,PDX,KOA
2958,PDX,MSP
2959,PDX,BWI
2960,PDX,LAX
2961,PDX,AZA
2962,PDX,BZN
2963,PDX,SEA
2964,PDX,GRR
2965,PDX,DTW
2966,PDX,ANC
2967,PDX,IND
2968,PDX,ONT
2969,PDX,LGB
2970,PDX,CLT
2971,PDX,DAL
2972,PDX,TPA
2973,PDX,STL
2974,PDX,DCA
2975,PDX,ATL
2976,PDX,ABQ
2977,PDX,PHX
2978,PHX,PIT
2979,PHX,BNA
2980,PHX,OAK
2981,PHX,SNA
2982,PHX,MSY
2983,PHX,BUR
2984,PHX,ORD
2985,PHX,IAH
2986,PHX,CLE
2987,PHX,MIA
2988,PHX,XNA
2989,PHX,LGA
2990,PHX,TUL
2991,PHX,SGU
2992,PHX,MAF
2993,PHX,YUM
2994,PHX,DAL
2995,PHX,SDF
2996,PHX,AVL
2997,PHX,DCA
2998,PHX,AUS
2999,PHX,RNO
3000,PHX,RDM
3001,PHX,LIT
3002,PHX,IDA
3003,PHX,SAT
3004,PHX,SBA
3005,PHX,FLL
3006,PHX,MDW
3007,PHX,HOU
3008,PHX,HNL
3009,PHX,LIH
3010,PHX,OKC
3011,PHX,MCO
3012,PHX,SBP
3013,PHX,BHM
3014,PHX,MCI
3015,PHX,ICT
3016,PHX,BOS
3017,PHX,OMA
3018,PHX,IAD
3019,PHX,TYS
3020,PHX,PHL
3021,PHX,RDU
3022,PHX,FAT
3023,PHX,LAS
3024,PHX,CVG
3025,PHX,EGE
3026,PHX,GRR
3027,PHX,DTW
3028,PHX,ANC
3029,PHX,MRY
3030,PHX,ONT
3031,PHX,LGB
3032,PHX,GJT
3033,PHX,COS
3034,PHX,ATL
3035,PHX,BFL
3036,PHX,DRO
3037,PHX,CMH
3038,PHX,PSC
3039,PHX,EWR
3040,PHX,BOI
3041,PHX,SAN
3042,PHX,DEN
3043,PHX,SFO
3044,PHX,SLC
3045,PHX,PVU
3046,PHX,DFW
3047,PHX,MSO
3048,PHX,GEG
3049,PHX,DSM
3050,PHX,KOA
3051,PHX,MFR
3052,PHX,MSP
3053,PHX,LBB
3054,PHX,LAX
3055,PHX,SEA
3056,PHX,IND
3057,PHX,FLG
3058,PHX,ELP
3059,PHX,TPA
3060,PHX,PDX
3061,PHX,JFK
3062,PHX,FAR
3063,PHX,SAF
3064,PHX,SJC
3065,PHX,BIL
3066,PHX,PAE
3067,PHX,STS
3068,PHX,MEM
3069,PHX,SMF
3070,PHX,OGG
3071,PHX,PSP
3072,PHX,AGS
3073,PHX,ASE
3074,PHX,BUF
3075,PHX,TUS
3076,PHX,MSN
3077,PHX,EUG
3078,PHX,SCK
3079,PHX,BWI
3080,PHX,FSD
3081,PHX,MKE
3082,PHX,CID
3083,PHX,JAX
3084,PHX,CLT
3085,PHX,ABQ
3086,PHX,STL
3087,PHX,MFE
3088,DEN,PIT
3089,DEN,BNA
3090,DEN,OAK
3091,DEN,SNA
3092,DEN,BTV
3093,DEN,RAP
3094,DEN,MSY
3095,DEN,DIK
3096,DEN,LAR
3097,DEN,TVC
3098,DEN,SHV
3099,DEN,JAC
3100,DEN,CNY
3101,DEN,BUR
3102,DEN,ORD
3103,DEN,PRC
3104,DEN,IAH
3105,DEN,BMI
3106,DEN,CLE
3107,DEN,MYR
3108,DEN,MIA
3109,DEN,XNA
3110,DEN,LGA
3111,DEN,TUL
3112,DEN,RIC
3113,DEN,SGU
3114,DEN,SYR
3115,DEN,MAF
3116,DEN,PNS
3117,DEN,FAI
3118,DEN,AVL
3119,DEN,SDF
3120,DEN,DAL
3121,DEN,MTJ
3122,DEN,DCA
3123,DEN,CHS
3124,DEN,RIW
3125,DEN,DDC
3126,DEN,WYS
3127,DEN,AUS
3128,DEN,HYS
3129,DEN,RNO
3130,DEN,RDM
3131,DEN,LIT
3132,DEN,HLN
3133,DEN,IDA
3134,DEN,SAT
3135,DEN,SBA
3136,DEN,FLL
3137,DEN,MDW
3138,DEN,LWS
3139,DEN,HOU
3140,DEN,SUX
3141,DEN,LIH
3142,DEN,OKC
3143,DEN,HNL
3144,DEN,MCO
3145,DEN,CPR
3146,DEN,HRL
3147,DEN,SBP
3148,DEN,BHM
3149,DEN,MCI
3150,DEN,VEL
3151,DEN,ICT
3152,DEN,BOS
3153,DEN,TYS
3154,DEN,OMA
3155,DEN,IAD
3156,DEN,SRQ
3157,DEN,FCA
3158,DEN,PHL
3159,DEN,RDU
3160,DEN,FAT
3161,DEN,LAS
3162,DEN,MOT
3163,DEN,RSW
3164,DEN,RKS
3165,DEN,CVG
3166,DEN,SAV
3167,DEN,EGE
3168,DEN,COD
3169,DEN,BZN
3170,DEN,GRR
3171,DEN,DTW
3172,DEN,ANC
3173,DEN,DAY
3174,DEN,MRY
3175,DEN,PBI
3176,DEN,XWA
3177,DEN,ABE
3178,DEN,ONT
3179,DEN,LGB
3180,DEN,GJT
3181,DEN,DVL
3182,DEN,COS
3183,DEN,ATL
3184,DEN,BFL
3185,DEN,DRO
3186,DEN,PIA
3187,DEN,PHX
3188,DEN,SUN
3189,DEN,JLN
3190,DEN,LBL
3191,DEN,CMH
3192,DEN,PSC
3193,DEN,EWR
3194,DEN,BOI
3195,DEN,SAN
3196,DEN,SFO
3197,DEN,CYS
3198,DEN,SLC
3199,DEN,LBF
3200,DEN,DFW
3201,DEN,SGF
3202,DEN,BIH
3203,DEN,GRB
3204,DEN,MSO
3205,DEN,PWM
3206,DEN,GEG
3207,DEN,DSM
3208,DEN,KOA
3209,DEN,MFR
3210,DEN,BLI
3211,DEN,LNK
3212,DEN,MSP
3213,DEN,LBB
3214,DEN,LAX
3215,DEN,SEA
3216,DEN,IND
3217,DEN,BDL
3218,DEN,SJU
3219,DEN,ELP
3220,DEN,EAR
3221,DEN,GCC
3222,DEN,TPA
3223,DEN,ORF
3224,DEN,ECP
3225,DEN,PVD
3226,DEN,PDX
3227,DEN,GSP
3228,DEN,ACV
3229,DEN,ATW
3230,DEN,JFK
3231,DEN,FAR
3232,DEN,SAF
3233,DEN,SJC
3234,DEN,GUC
3235,DEN,BIL
3236,DEN,MEM
3237,DEN,GTF
3238,DEN,BIS
3239,DEN,SMF
3240,DEN,MLI
3241,DEN,PSP
3242,DEN,OGG
3243,DEN,ASE
3244,DEN,AMA
3245,DEN,BUF
3246,DEN,OTH
3247,DEN,SHR
3248,DEN,JMS
3249,DEN,TUS
3250,DEN,MSN
3251,DEN,EUG
3252,DEN,GSO
3253,DEN,HOB
3254,DEN,BWI
3255,DEN,FSD
3256,DEN,SLN
3257,DEN,MKE
3258,DEN,HSV
3259,DEN,CID
3260,DEN,ALB
3261,DEN,JAX
3262,DEN,CLT
3263,DEN,LEX
3264,DEN,HDN
3265,DEN,STL
3266,DEN,ABQ
3267,DEN,BFF
3268,SNA,AUS
3269,SNA,JFK
3270,SNA,EWR
3271,SNA,SJC
3272,SNA,OAK
3273,SNA,BOI
3274,SNA,BNA
3275,SNA,DEN
3276,SNA,STS
3277,SNA,IDA
3278,SNA,SFO
3279,SNA,SLC
3280,SNA,PVU
3281,SNA,DFW
3282,SNA,SMF
3283,SNA,MSO
3284,SNA,ORD
3285,SNA,IAH
3286,SNA,TUS
3287,SNA,GEG
3288,SNA,MIA
3289,SNA,LAS
3290,SNA,DSM
3291,SNA,MFR
3292,SNA,EUG
3293,SNA,MSP
3294,SNA,SEA
3295,SNA,DTW
3296,SNA,CLT
3297,SNA,DAL
3298,SNA,ATL
3299,SNA,PDX
3300,SNA,PHX
3301,OKC,AUS
3302,OKC,SFB
3303,OKC,BNA
3304,OKC,DEN
3305,OKC,SAT
3306,OKC,MDW
3307,OKC,SLC
3308,OKC,HOU
3309,OKC,DFW
3310,OKC,CAE
3311,OKC,MCO
3312,OKC,ORD
3313,OKC,BHM
3314,OKC,IAH
3315,OKC,TYS
3316,OKC,VPS
3317,OKC,MIA
3318,OKC,LAS
3319,OKC,LGA
3320,OKC,MSP
3321,OKC,LAX
3322,OKC,SEA
3323,OKC,HSV
3324,OKC,CLT
3325,OKC,STL
3326,OKC,ATL
3327,OKC,DCA
3328,OKC,BTR
3329,OKC,PHX
3330,SAT,JFK
3331,SAT,EWR
3332,SAT,BNA
3333,SAT,SAN
3334,SAT,DEN
3335,SAT,MSY
3336,SAT,SFO
3337,SAT,FLL
3338,SAT,MDW
3339,SAT,SLC
3340,SAT,HOU
3341,SAT,DFW
3342,SAT,OKC
3343,SAT,MCO
3344,SAT,BUR
3345,SAT,ORD
3346,SAT,IAH
3347,SAT,MCI
3348,SAT,BOS
3349,SAT,IAD
3350,SAT,PHL
3351,SAT,MIA
3352,SAT,LAS
3353,SAT,MSP
3354,SAT,BWI
3355,SAT,LAX
3356,SAT,SEA
3357,SAT,DTW
3358,SAT,ELP
3359,SAT,CLT
3360,SAT,DAL
3361,SAT,TPA
3362,SAT,STL
3363,SAT,ATL
3364,SAT,COS
3365,SAT,ABQ
3366,SAT,PHX
3367,PIT,AUS
3368,PIT,JFK
3369,PIT,EYW
3370,PIT,SFB
3371,PIT,BNA
3372,PIT,EWR
3373,PIT,SAN
3374,PIT,DEN
3375,PIT,SFO
3376,PIT,FLL
3377,PIT,MDW
3378,PIT,SLC
3379,PIT,HOU
3380,PIT,DFW
3381,PIT,PIE
3382,PIT,MCO
3383,PIT,ORD
3384,PIT,IAH
3385,PIT,MYR
3386,PIT,CLE
3387,PIT,BOS
3388,PIT,IAD
3389,PIT,SRQ
3390,PIT,VPS
3391,PIT,PHL
3392,PIT,MIA
3393,PIT,RDU
3394,PIT,LAS
3395,PIT,LGA
3396,PIT,RSW
3397,PIT,MSP
3398,PIT,BWI
3399,PIT,PGD
3400,PIT,LAX
3401,PIT,SAV
3402,PIT,MLB
3403,PIT,SEA
3404,PIT,DTW
3405,PIT,PBI
3406,PIT,JAX
3407,PIT,CLT
3408,PIT,DAL
3409,PIT,TPA
3410,PIT,STL
3411,PIT,ATL
3412,PIT,DCA
3413,PIT,CHS
3414,PIT,PHX
3415,DFW,PIT
3416,DFW,BPT
3417,DFW,BNA
3418,DFW,SNA
3419,DFW,TVC
3420,DFW,RAP
3421,DFW,MSY
3422,DFW,SPS
3423,DFW,BTV
3424,DFW,SHV
3425,DFW,JAC
3426,DFW,TRI
3427,DFW,COU
3428,DFW,CAE
3429,DFW,EVV
3430,DFW,BUR
3431,DFW,ORD
3432,DFW,MOB
3433,DFW,JAN
3434,DFW,IAH
3435,DFW,BMI
3436,DFW,CLE
3437,DFW,MYR
3438,DFW,ACT
3439,DFW,VPS
3440,DFW,MIA
3441,DFW,XNA
3442,DFW,LGA
3443,DFW,TUL
3444,DFW,RIC
3445,DFW,SGU
3446,DFW,SYR
3447,DFW,LRD
3448,DFW,MAF
3449,DFW,PNS
3450,DFW,YUM
3451,DFW,GPT
3452,DFW,AVL
3453,DFW,SDF
3454,DFW,MTJ
3455,DFW,DCA
3456,DFW,CHS
3457,DFW,DAB
3458,DFW,AUS
3459,DFW,MDT
3460,DFW,LAW
3461,DFW,LCH
3462,DFW,RNO
3463,DFW,BRO
3464,DFW,RDM
3465,DFW,LIT
3466,DFW,IDA
3467,DFW,SAT
3468,DFW,SBA
3469,DFW,FLL
3470,DFW,MDW
3471,DFW,HOU
3472,DFW,CHA
3473,DFW,HNL
3474,DFW,OKC
3475,DFW,MCO
3476,DFW,HRL
3477,DFW,SBP
3478,DFW,BHM
3479,DFW,MCI
3480,DFW,ICT
3481,DFW,BOS
3482,DFW,TYS
3483,DFW,IAD
3484,DFW,OMA
3485,DFW,SRQ
3486,DFW,FCA
3487,DFW,PHL
3488,DFW,RDU
3489,DFW,FAT
3490,DFW,LAS
3491,DFW,RSW
3492,DFW,CVG
3493,DFW,FWA
3494,DFW,SAV
3495,DFW,EGE
3496,DFW,GRK
3497,DFW,BZN
3498,DFW,GRR
3499,DFW,CLL
3500,DFW,DTW
3501,DFW,ROW
3502,DFW,ANC
3503,DFW,MLU
3504,DFW,PBI
3505,DFW,MRY
3506,DFW,CRP
3507,DFW,LFT
3508,DFW,DAY
3509,DFW,ONT
3510,DFW,GJT
3511,DFW,TYR
3512,DFW,COS
3513,DFW,ATL
3514,DFW,BFL
3515,DFW,PIA
3516,DFW,DRO
3517,DFW,BTR
3518,DFW,PHX
3519,DFW,TLH
3520,DFW,GGG
3521,DFW,EYW
3522,DFW,CMH
3523,DFW,EWR
3524,DFW,BOI
3525,DFW,SAN
3526,DFW,DEN
3527,DFW,SCE
3528,DFW,SFO
3529,DFW,ABI
3530,DFW,SLC
3531,DFW,PVU
3532,DFW,SGF
3533,DFW,SJT
3534,DFW,MSO
3535,DFW,PWM
3536,DFW,ILM
3537,DFW,GEG
3538,DFW,DSM
3539,DFW,GRI
3540,DFW,FAY
3541,DFW,MSP
3542,DFW,LBB
3543,DFW,GNV
3544,DFW,LAX
3545,DFW,AEX
3546,DFW,SEA
3547,DFW,CMI
3548,DFW,SJU
3549,DFW,IND
3550,DFW,BDL
3551,DFW,FLG
3552,DFW,ELP
3553,DFW,TPA
3554,DFW,ORF
3555,DFW,SWO
3556,DFW,ECP
3557,DFW,PDX
3558,DFW,GSP
3559,DFW,ATW
3560,DFW,TXK
3561,DFW,JFK
3562,DFW,FAR
3563,DFW,SAF
3564,DFW,SJC
3565,DFW,GUC
3566,DFW,BIL
3567,DFW,STS
3568,DFW,FSM
3569,DFW,MEM
3570,DFW,SBN
3571,DFW,BIS
3572,DFW,SMF
3573,DFW,MLI
3574,DFW,PSP
3575,DFW,OGG
3576,DFW,AGS
3577,DFW,MHK
3578,DFW,ASE
3579,DFW,AMA
3580,DFW,BUF
3581,DFW,GCK
3582,DFW,TUS
3583,DFW,MSN
3584,DFW,EUG
3585,DFW,GSO
3586,DFW,BWI
3587,DFW,FSD
3588,DFW,MKE
3589,DFW,STT
3590,DFW,CID
3591,DFW,ALB
3592,DFW,HSV
3593,DFW,JAX
3594,DFW,CLT
3595,DFW,HDN
3596,DFW,LEX
3597,DFW,ABQ
3598,DFW,STL
3599,DFW,MGM
3600,DFW,MFE
3601,SFO,PIT
3602,SFO,BNA
3603,SFO,SNA
3604,SFO,RAP
3605,SFO,MSY
3606,SFO,JAC
3607,SFO,BUR
3608,SFO,ORD
3609,SFO,IAH
3610,SFO,CLE
3611,SFO,MIA
3612,SFO,DAL
3613,SFO,SDF
3614,SFO,MTJ
3615,SFO,DCA
3616,SFO,AUS
3617,SFO,RNO
3618,SFO,RDM
3619,SFO,SAT
3620,SFO,SBA
3621,SFO,FLL
3622,SFO,MDW
3623,SFO,HNL
3624,SFO,LIH
3625,SFO,MCO
3626,SFO,SBP
3627,SFO,MCI
3628,SFO,BOS
3629,SFO,IAD
3630,SFO,OMA
3631,SFO,FCA
3632,SFO,PHL
3633,SFO,RDU
3634,SFO,FAT
3635,SFO,LAS
3636,SFO,RSW
3637,SFO,EGE
3638,SFO,BZN
3639,SFO,DTW
3640,SFO,RDD
3641,SFO,ANC
3642,SFO,MRY
3643,SFO,ONT
3644,SFO,ATL
3645,SFO,BFL
3646,SFO,PHX
3647,SFO,SUN
3648,SFO,CMH
3649,SFO,PSC
3650,SFO,EWR
3651,SFO,BOI
3652,SFO,SAN
3653,SFO,DEN
3654,SFO,SLC
3655,SFO,DFW
3656,SFO,BIH
3657,SFO,MSO
3658,SFO,GEG
3659,SFO,KOA
3660,SFO,MFR
3661,SFO,MSP
3662,SFO,LAX
3663,SFO,SEA
3664,SFO,IND
3665,SFO,TPA
3666,SFO,PDX
3667,SFO,ACV
3668,SFO,JFK
3669,SFO,SBN
3670,SFO,SMF
3671,SFO,OGG
3672,SFO,PSP
3673,SFO,ASE
3674,SFO,OTH
3675,SFO,TUS
3676,SFO,MSN
3677,SFO,EUG
3678,SFO,BWI
3679,SFO,CLT
3680,SFO,HDN
3681,SFO,ABQ
3682,SFO,STL
3683,AUS,PIT
3684,AUS,BNA
3685,AUS,OAK
3686,AUS,SNA
3687,AUS,MSY
3688,AUS,BUR
3689,AUS,ORD
3690,AUS,IAH
3691,AUS,CLE
3692,AUS,VPS
3693,AUS,MIA
3694,AUS,XNA
3695,AUS,TUL
3696,AUS,MAF
3697,AUS,PNS
3698,AUS,DAL
3699,AUS,AVL
3700,AUS,SDF
3701,AUS,MTJ
3702,AUS,DCA
3703,AUS,CHS
3704,AUS,RNO
3705,AUS,FLL
3706,AUS,MDW
3707,AUS,HOU
3708,AUS,HNL
3709,AUS,OKC
3710,AUS,MCO
3711,AUS,HRL
3712,AUS,MCI
3713,AUS,BOS
3714,AUS,IAD
3715,AUS,TYS
3716,AUS,SRQ
3717,AUS,OMA
3718,AUS,PHL
3719,AUS,RDU
3720,AUS,LAS
3721,AUS,RSW
3722,AUS,CVG
3723,AUS,EGE
3724,AUS,BZN
3725,AUS,GRR
3726,AUS,DTW
3727,AUS,ONT
3728,AUS,LGB
3729,AUS,ATL
3730,AUS,PHX
3731,AUS,CMH
3732,AUS,EWR
3733,AUS,SAN
3734,AUS,DEN
3735,AUS,SFO
3736,AUS,SLC
3737,AUS,PVU
3738,AUS,DFW
3739,AUS,DSM
3740,AUS,MSP
3741,AUS,LBB
3742,AUS,GNV
3743,AUS,LAX
3744,AUS,SEA
3745,AUS,IND
3746,AUS,SJU
3747,AUS,ELP
3748,AUS,TPA
3749,AUS,ECP
3750,AUS,PDX
3751,AUS,GSP
3752,AUS,JFK
3753,AUS,SFB
3754,AUS,SJC
3755,AUS,MEM
3756,AUS,SMF
3757,AUS,PSP
3758,AUS,AGS
3759,AUS,ASE
3760,AUS,AMA
3761,AUS,MSN
3762,AUS,EUG
3763,AUS,BWI
3764,AUS,FSD
3765,AUS,JAX
3766,AUS,CLT
3767,AUS,LEX
3768,AUS,ABQ
3769,AUS,STL
3770,AUS,MFE
3771,FAT,SFO
3772,FAT,SLC
3773,FAT,MRY
3774,FAT,LAS
3775,FAT,DFW
3776,FAT,DAL
3777,FAT,ORD
3778,FAT,SAN
3779,FAT,DEN
3780,FAT,ATL
3781,FAT,LAX
3782,FAT,PDX
3783,FAT,SEA
3784,FAT,PHX
3785,SAN,AUS
3786,SAN,JFK
3787,SAN,PIT
3788,SAN,CMH
3789,SAN,RNO
3790,SAN,EWR
3791,SAN,SJC
3792,SAN,OAK
3793,SAN,BOI
3794,SAN,BNA
3795,SAN,RDM
3796,SAN,DEN
3797,SAN,MSY
3798,SAN,STS
3799,SAN,SAT
3800,SAN,SFO
3801,SAN,FLL
3802,SAN,PAE
3803,SAN,MDW
3804,SAN,SLC
3805,SAN,PVU
3806,SAN,HOU
3807,SAN,JAC
3808,SAN,HNL
3809,SAN,LIH
3810,SAN,DFW
3811,SAN,MCO
3812,SAN,SMF
3813,SAN,MSO
3814,SAN,OGG
3815,SAN,ORD
3816,SAN,SBP
3817,SAN,IAH
3818,SAN,MCI
3819,SAN,BOS
3820,SAN,IAD
3821,SAN,FCA
3822,SAN,PHL
3823,SAN,GEG
3824,SAN,TUS
3825,SAN,MIA
3826,SAN,FAT
3827,SAN,LAS
3828,SAN,DSM
3829,SAN,KOA
3830,SAN,MFR
3831,SAN,EUG
3832,SAN,BLI
3833,SAN,MSP
3834,SAN,BWI
3835,SAN,EGE
3836,SAN,LAX
3837,SAN,BZN
3838,SAN,SEA
3839,SAN,DTW
3840,SAN,MKE
3841,SAN,ANC
3842,SAN,IND
3843,SAN,MRY
3844,SAN,ELP
3845,SAN,CLT
3846,SAN,DAL
3847,SAN,TPA
3848,SAN,HDN
3849,SAN,ABQ
3850,SAN,ATL
3851,SAN,STL
3852,SAN,COS
3853,SAN,PDX
3854,SAN,PHX
3855,VPS,AUS
3856,VPS,CKB
3857,VPS,PIT
3858,VPS,HTS
3859,VPS,BNA
3860,VPS,EWR
3861,VPS,FNT
3862,VPS,LIT
3863,VPS,SHV
3864,VPS,MDW
3865,VPS,HOU
3866,VPS,MEM
3867,VPS,DFW
3868,VPS,OKC
3869,VPS,SGF
3870,VPS,EVV
3871,VPS,ORD
3872,VPS,MCI
3873,VPS,ICT
3874,VPS,BOS
3875,VPS,TYS
3876,VPS,OMA
3877,VPS,PHL
3878,VPS,XNA
3879,VPS,LAS
3880,VPS,DSM
3881,VPS,TUL
3882,VPS,CVG
3883,VPS,MSP
3884,VPS,BWI
3885,VPS,GRR
3886,VPS,BLV
3887,VPS,IND
3888,VPS,CLT
3889,VPS,DAL
3890,VPS,SDF
3891,VPS,LEX
3892,VPS,STL
3893,VPS,DCA
3894,VPS,ATL
3895,VPS,PIA
3896,VPS,AVL
3897,VPS,LCK
3898,LAS,PIT
3899,LAS,BNA
3900,LAS,OAK
3901,LAS,SNA
3902,LAS,RAP
3903,LAS,MSY
3904,LAS,SHV
3905,LAS,BUR
3906,LAS,ORD
3907,LAS,IAH
3908,LAS,CLE
3909,LAS,VPS
3910,LAS,MIA
3911,LAS,XNA
3912,LAS,LGA
3913,LAS,TUL
3914,LAS,RIC
3915,LAS,LRD
3916,LAS,MAF
3917,LAS,BLV
3918,LAS,AVL
3919,LAS,SDF
3920,LAS,DAL
3921,LAS,DCA
3922,LAS,CHS
3923,LAS,ROC
3924,LAS,SMX
3925,LAS,AUS
3926,LAS,RNO
3927,LAS,LIT
3928,LAS,IDA
3929,LAS,SAT
3930,LAS,SBA
3931,LAS,FLL
3932,LAS,MDW
3933,LAS,HOU
3934,LAS,CHA
3935,LAS,HNL
3936,LAS,LIH
3937,LAS,OKC
3938,LAS,MCO
3939,LAS,SBP
3940,LAS,BHM
3941,LAS,MCI
3942,LAS,ICT
3943,LAS,BOS
3944,LAS,OMA
3945,LAS,IAD
3946,LAS,TYS
3947,LAS,FCA
3948,LAS,PHL
3949,LAS,RDU
3950,LAS,FAT
3951,LAS,MOT
3952,LAS,CVG
3953,LAS,FWA
3954,LAS,BZN
3955,LAS,GRR
3956,LAS,DTW
3957,LAS,ANC
3958,LAS,MRY
3959,LAS,ONT
3960,LAS,LGB
3961,LAS,GJT
3962,LAS,COS
3963,LAS,ATL
3964,LAS,PIA
3965,LAS,BTR
3966,LAS,PHX
3967,LAS,CMH
3968,LAS,PSC
3969,LAS,EWR
3970,LAS,BOI
3971,LAS,RFD
3972,LAS,SAN
3973,LAS,DEN
3974,LAS,SFO
3975,LAS,SLC
3976,LAS,PVU
3977,LAS,DFW
3978,LAS,SGF
3979,LAS,MSO
3980,LAS,GEG
3981,LAS,DSM
3982,LAS,KOA
3983,LAS,GRI
3984,LAS,MFR
3985,LAS,BLI
3986,LAS,MSP
3987,LAS,LBB
3988,LAS,LAX
3989,LAS,AZA
3990,LAS,SEA
3991,LAS,IND
3992,LAS,ELP
3993,LAS,TPA
3994,LAS,ORF
3995,LAS,PDX
3996,LAS,ATW
3997,LAS,JFK
3998,LAS,FAR
3999,LAS,SFB
4000,LAS,SJC
4001,LAS,FNT
4002,LAS,GFK
4003,LAS,BIL
4004,LAS,PAE
4005,LAS,STS
4006,LAS,MEM
4007,LAS,SBN
4008,LAS,BIS
4009,LAS,GTF
4010,LAS,SMF
4011,LAS,CAK
4012,LAS,MLI
4013,LAS,OGG
4014,LAS,PSP
4015,LAS,AMA
4016,LAS,BUF
4017,LAS,TUS
4018,LAS,SCK
4019,LAS,EUG
4020,LAS,BWI
4021,LAS,FSD
4022,LAS,MKE
4023,LAS,CID
4024,LAS,ALB
4025,LAS,CLT
4026,LAS,LEX
4027,LAS,STL
4028,LAS,ABQ
4029,LAS,MFE
4030,MCO,PIT
4031,MCO,BNA
4032,MCO,BTV
4033,MCO,MSY
4034,MCO,BQN
4035,MCO,ACY
4036,MCO,ORD
4037,MCO,JAN
4038,MCO,IAH
4039,MCO,MYR
4040,MCO,CLE
4041,MCO,MHT
4042,MCO,MIA
4043,MCO,XNA
4044,MCO,LGA
4045,MCO,TUL
4046,MCO,RIC
4047,MCO,SYR
4048,MCO,STX
4049,MCO,PNS
4050,MCO,DAL
4051,MCO,SDF
4052,MCO,AVL
4053,MCO,DCA
4054,MCO,ROC
4055,MCO,AUS
4056,MCO,MDT
4057,MCO,SAT
4058,MCO,FLL
4059,MCO,MDW
4060,MCO,HOU
4061,MCO,OKC
4062,MCO,BHM
4063,MCO,MCI
4064,MCO,BOS
4065,MCO,OMA
4066,MCO,TYS
4067,MCO,IAD
4068,MCO,PHL
4069,MCO,RDU
4070,MCO,LAS
4071,MCO,RSW
4072,MCO,CVG
4073,MCO,GRR
4074,MCO,DTW
4075,MCO,LBE
4076,MCO,ABE
4077,MCO,ONT
4078,MCO,LGB
4079,MCO,ATL
4080,MCO,PHX
4081,MCO,ISP
4082,MCO,CMH
4083,MCO,EWR
4084,MCO,SAN
4085,MCO,DEN
4086,MCO,SFO
4087,MCO,SLC
4088,MCO,DFW
4089,MCO,GRB
4090,MCO,ORH
4091,MCO,PWM
4092,MCO,TTN
4093,MCO,DSM
4094,MCO,MSP
4095,MCO,LAX
4096,MCO,SEA
4097,MCO,SJU
4098,MCO,BDL
4099,MCO,IND
4100,MCO,ELP
4101,MCO,ORF
4102,MCO,PVD
4103,MCO,PDX
4104,MCO,JFK
4105,MCO,FAR
4106,MCO,PSE
4107,MCO,MEM
4108,MCO,HPN
4109,MCO,SMF
4110,MCO,AGS
4111,MCO,BUF
4112,MCO,MSN
4113,MCO,BWI
4114,MCO,MKE
4115,MCO,STT
4116,MCO,CID
4117,MCO,ALB
4118,MCO,CLT
4119,MCO,STL
4120,MCO,ABQ
4121,EWR,PIT
4122,EWR,BNA
4123,EWR,OAK
4124,EWR,SNA
4125,EWR,BTV
4126,EWR,MSY
4127,EWR,BQN
4128,EWR,JAC
4129,EWR,ORD
4130,EWR,IAH
4131,EWR,MYR
4132,EWR,CLE
4133,EWR,MHT
4134,EWR,VPS
4135,EWR,MIA
4136,EWR,RIC
4137,EWR,SYR
4138,EWR,AVL
4139,EWR,SDF
4140,EWR,MTJ
4141,EWR,DCA
4142,EWR,CHS
4143,EWR,ROC
4144,EWR,AUS
4145,EWR,MDT
4146,EWR,RNO
4147,EWR,SAT
4148,EWR,FLL
4149,EWR,HNL
4150,EWR,MCO
4151,EWR,MCI
4152,EWR,BOS
4153,EWR,IAD
4154,EWR,TYS
4155,EWR,SRQ
4156,EWR,OMA
4157,EWR,PHL
4158,EWR,RDU
4159,EWR,LAS
4160,EWR,RSW
4161,EWR,CVG
4162,EWR,SAV
4163,EWR,EGE
4164,EWR,BZN
4165,EWR,GRR
4166,EWR,DTW
4167,EWR,ANC
4168,EWR,PBI
4169,EWR,ATL
4170,EWR,PHX
4171,EWR,EYW
4172,EWR,CMH
4173,EWR,SAN
4174,EWR,DEN
4175,EWR,SFO
4176,EWR,SLC
4177,EWR,DFW
4178,EWR,PWM
4179,EWR,ITH
4180,EWR,ILM
4181,EWR,DSM
4182,EWR,MSP
4183,EWR,LAX
4184,EWR,SEA
4185,EWR,SJU
4186,EWR,IND
4187,EWR,TPA
4188,EWR,ORF
4189,EWR,PVD
4190,EWR,PDX
4191,EWR,GSP
4192,EWR,ATW
4193,EWR,MEM
4194,EWR,SBN
4195,EWR,SMF
4196,EWR,OGG
4197,EWR,BUF
4198,EWR,MSN
4199,EWR,GSO
4200,EWR,MKE
4201,EWR,STT
4202,EWR,ALB
4203,EWR,JAX
4204,EWR,BGR
4205,EWR,CLT
4206,EWR,HDN
4207,EWR,STL
4208,EWR,HHH
4209,GEG,BOI
4210,GEG,SJC
4211,GEG,OAK
4212,GEG,SNA
4213,GEG,SAN
4214,GEG,DEN
4215,GEG,SFO
4216,GEG,SLC
4217,GEG,DFW
4218,GEG,SMF
4219,GEG,ORD
4220,GEG,LAS
4221,GEG,MSP
4222,GEG,LAX
4223,GEG,AZA
4224,GEG,SEA
4225,GEG,CLT
4226,GEG,DAL
4227,GEG,ATL
4228,GEG,PDX
4229,GEG,PHX
4230,RNO,AUS
4231,RNO,JFK
4232,RNO,SJC
4233,RNO,OAK
4234,RNO,SAN
4235,RNO,DEN
4236,RNO,SFO
4237,RNO,MDW
4238,RNO,SLC
4239,RNO,DFW
4240,RNO,BUR
4241,RNO,ORD
4242,RNO,IAH
4243,RNO,LAS
4244,RNO,MSP
4245,RNO,LAX
4246,RNO,SEA
4247,RNO,LGB
4248,RNO,DAL
4249,RNO,ATL
4250,RNO,PDX
4251,RNO,PHX
4252,SEA,PIT
4253,SEA,BNA
4254,SEA,OAK
4255,SEA,SNA
4256,SEA,MSY
4257,SEA,JAC
4258,SEA,BUR
4259,SEA,ORD
4260,SEA,IAH
4261,SEA,CLE
4262,SEA,MIA
4263,SEA,JNU
4264,SEA,FAI
4265,SEA,DAL
4266,SEA,DCA
4267,SEA,CHS
4268,SEA,AUS
4269,SEA,MDT
4270,SEA,RNO
4271,SEA,RDM
4272,SEA,HLN
4273,SEA,SAT
4274,SEA,SBA
4275,SEA,FLL
4276,SEA,MDW
4277,SEA,LWS
4278,SEA,HNL
4279,SEA,LIH
4280,SEA,OKC
4281,SEA,MCO
4282,SEA,SBP
4283,SEA,MCI
4284,SEA,BOS
4285,SEA,OMA
4286,SEA,IAD
4287,SEA,FCA
4288,SEA,PHL
4289,SEA,RDU
4290,SEA,FAT
4291,SEA,LAS
4292,SEA,RSW
4293,SEA,KTN
4294,SEA,CVG
4295,SEA,EGE
4296,SEA,BZN
4297,SEA,DTW
4298,SEA,RDD
4299,SEA,ANC
4300,SEA,MRY
4301,SEA,ONT
4302,SEA,ATL
4303,SEA,PHX
4304,SEA,SUN
4305,SEA,CMH
4306,SEA,PSC
4307,SEA,EWR
4308,SEA,BOI
4309,SEA,SAN
4310,SEA,DEN
4311,SEA,SFO
4312,SEA,SLC
4313,SEA,DFW
4314,SEA,GRB
4315,SEA,MSO
4316,SEA,GEG
4317,SEA,KOA
4318,SEA,ALW
4319,SEA,MFR
4320,SEA,BLI
4321,SEA,MSP
4322,SEA,LAX
4323,SEA,IND
4324,SEA,TPA
4325,SEA,PDX
4326,SEA,JFK
4327,SEA,SIT
4328,SEA,SJC
4329,SEA,STS
4330,SEA,GTF
4331,SEA,SMF
4332,SEA,OGG
4333,SEA,PSP
4334,SEA,BUF
4335,SEA,TUS
4336,SEA,EUG
4337,SEA,BWI
4338,SEA,MKE
4339,SEA,CID
4340,SEA,CLT
4341,SEA,HDN
4342,SEA,STL
4343,SEA,ABQ
4344,ORD,MQT
4345,ORD,MGW
4346,ORD,PIT
4347,ORD,ROA
4348,ORD,BNA
4349,ORD,SNA
4350,ORD,TVC
4351,ORD,BTV
4352,ORD,MSY
4353,ORD,RAP
4354,ORD,JAC
4355,ORD,COU
4356,ORD,CAE
4357,ORD,IAH
4358,ORD,MYR
4359,ORD,CLE
4360,ORD,MHT
4361,ORD,VPS
4362,ORD,MIA
4363,ORD,XNA
4364,ORD,LGA
4365,ORD,CRW
4366,ORD,TUL
4367,ORD,RST
4368,ORD,RIC
4369,ORD,SYR
4370,ORD,EAU
4371,ORD,PNS
4372,ORD,FAI
4373,ORD,DAL
4374,ORD,SDF
4375,ORD,AVL
4376,ORD,JST
4377,ORD,DCA
4378,ORD,DEC
4379,ORD,MTJ
4380,ORD,CHS
4381,ORD,MVY
4382,ORD,ROC
4383,ORD,AUS
4384,ORD,HYS
4385,ORD,MDT
4386,ORD,RNO
4387,ORD,ACK
4388,ORD,LIT
4389,ORD,SAT
4390,ORD,FLL
4391,ORD,CHA
4392,ORD,HNL
4393,ORD,SUX
4394,ORD,OKC
4395,ORD,MCO
4396,ORD,HRL
4397,ORD,BHM
4398,ORD,MCI
4399,ORD,ICT
4400,ORD,BOS
4401,ORD,OMA
4402,ORD,TYS
4403,ORD,SRQ
4404,ORD,IAD
4405,ORD,FCA
4406,ORD,PHL
4407,ORD,RDU
4408,ORD,FAT
4409,ORD,LAS
4410,ORD,RSW
4411,ORD,CVG
4412,ORD,FWA
4413,ORD,SAV
4414,ORD,EGE
4415,ORD,BZN
4416,ORD,GRR
4417,ORD,FOD
4418,ORD,DTW
4419,ORD,CLL
4420,ORD,ANC
4421,ORD,PBI
4422,ORD,DAY
4423,ORD,LSE
4424,ORD,ABE
4425,ORD,COS
4426,ORD,ATL
4427,ORD,PIA
4428,ORD,AVP
4429,ORD,PHX
4430,ORD,SUN
4431,ORD,JLN
4432,ORD,EYW
4433,ORD,CMH
4434,ORD,EWR
4435,ORD,BOI
4436,ORD,SAN
4437,ORD,DEN
4438,ORD,SCE
4439,ORD,SFO
4440,ORD,CMX
4441,ORD,SLC
4442,ORD,DFW
4443,ORD,SGF
4444,ORD,GRB
4445,ORD,MSO
4446,ORD,PWM
4447,ORD,ILM
4448,ORD,MBS
4449,ORD,GEG
4450,ORD,DSM
4451,ORD,KOA
4452,ORD,LNK
4453,ORD,MSP
4454,ORD,LAX
4455,ORD,MCW
4456,ORD,SEA
4457,ORD,CMI
4458,ORD,IND
4459,ORD,BDL
4460,ORD,SJU
4461,ORD,ELP
4462,ORD,TPA
4463,ORD,ORF
4464,ORD,PVD
4465,ORD,ECP
4466,ORD,PDX
4467,ORD,GSP
4468,ORD,ATW
4469,ORD,JFK
4470,ORD,CHO
4471,ORD,FAR
4472,ORD,SJC
4473,ORD,FNT
4474,ORD,BIL
4475,ORD,MEM
4476,ORD,SBN
4477,ORD,GTF
4478,ORD,SMF
4479,ORD,HPN
4480,ORD,CAK
4481,ORD,MLI
4482,ORD,PSP
4483,ORD,OGG
4484,ORD,AGS
4485,ORD,ASE
4486,ORD,DLH
4487,ORD,BUF
4488,ORD,TUS
4489,ORD,MSN
4490,ORD,GSO
4491,ORD,BWI
4492,ORD,FSD
4493,ORD,SLN
4494,ORD,MKE
4495,ORD,STT
4496,ORD,CID
4497,ORD,HSV
4498,ORD,ALB
4499,ORD,JAX
4500,ORD,BGR
4501,ORD,CLT
4502,ORD,LEX
4503,ORD,HDN
4504,ORD,ABQ
4505,ORD,STL
4506,ORD,HHH
4507,SRQ,AUS
4508,SRQ,JFK
4509,SRQ,MDT
4510,SRQ,PIT
4511,SRQ,CMH
4512,SRQ,EWR
4513,SRQ,BNA
4514,SRQ,RFD
4515,SRQ,FNT
4516,SRQ,DEN
4517,SRQ,MDW
4518,SRQ,HOU
4519,SRQ,SBN
4520,SRQ,DFW
4521,SRQ,CAK
4522,SRQ,PBG
4523,SRQ,ORD
4524,SRQ,IAH
4525,SRQ,MCI
4526,SRQ,CLE
4527,SRQ,PSM
4528,SRQ,BOS
4529,SRQ,IAD
4530,SRQ,BUF
4531,SRQ,PHL
4532,SRQ,DSM
4533,SRQ,LGA
4534,SRQ,CVG
4535,SRQ,SYR
4536,SRQ,MSP
4537,SRQ,FWA
4538,SRQ,BWI
4539,SRQ,GRR
4540,SRQ,DTW
4541,SRQ,MKE
4542,SRQ,IND
4543,SRQ,BLV
4544,SRQ,CID
4545,SRQ,ABE
4546,SRQ,CLT
4547,SRQ,DAL
4548,SRQ,SDF
4549,SRQ,AVL
4550,SRQ,STL
4551,SRQ,DCA
4552,SRQ,ATL
4553,SRQ,PIA
4554,SRQ,LCK
4555,SRQ,ATW
4556,SJU,AUS
4557,SJU,JFK
4558,SJU,EWR
4559,SJU,BNA
4560,SJU,DEN
4561,SJU,MSY
4562,SJU,FLL
4563,SJU,MDW
4564,SJU,HOU
4565,SJU,DFW
4566,SJU,MCO
4567,SJU,HPN
4568,SJU,ORD
4569,SJU,IAH
4570,SJU,CLE
4571,SJU,BOS
4572,SJU,IAD
4573,SJU,PHL
4574,SJU,MIA
4575,SJU,RDU
4576,SJU,RSW
4577,SJU,STX
4578,SJU,MSP
4579,SJU,BWI
4580,SJU,DTW
4581,SJU,STT
4582,SJU,BDL
4583,SJU,PBI
4584,SJU,JAX
4585,SJU,CLT
4586,SJU,TPA
4587,SJU,STL
4588,SJU,DCA
4589,SJU,ATL
4590,SJU,ORF
4591,SJU,PVD
4592,SMF,AUS
4593,SMF,JFK
4594,SMF,EWR
4595,SMF,BOI
4596,SMF,BNA
4597,SMF,SNA
4598,SMF,SAN
4599,SMF,DEN
4600,SMF,SFO
4601,SMF,SBA
4602,SMF,MDW
4603,SMF,SLC
4604,SMF,HOU
4605,SMF,HNL
4606,SMF,LIH
4607,SMF,DFW
4608,SMF,MCO
4609,SMF,OGG
4610,SMF,ORD
4611,SMF,BUR
4612,SMF,PSP
4613,SMF,IAH
4614,SMF,MCI
4615,SMF,BOS
4616,SMF,IAD
4617,SMF,GEG
4618,SMF,MIA
4619,SMF,LAS
4620,SMF,KOA
4621,SMF,EUG
4622,SMF,MSP
4623,SMF,BWI
4624,SMF,LAX
4625,SMF,SEA
4626,SMF,DTW
4627,SMF,ONT
4628,SMF,LGB
4629,SMF,CLT
4630,SMF,DAL
4631,SMF,STL
4632,SMF,ATL
4633,SMF,PDX
4634,SMF,PHX
4635,BUR,AUS
4636,BUR,JFK
4637,BUR,RNO
4638,BUR,BNA
4639,BUR,BOI
4640,BUR,OAK
4641,BUR,SJC
4642,BUR,DEN
4643,BUR,MSY
4644,BUR,STS
4645,BUR,SAT
4646,BUR,SFO
4647,BUR,MDW
4648,BUR,SLC
4649,BUR,HOU
4650,BUR,DFW
4651,BUR,SMF
4652,BUR,MCI
4653,BUR,LAS
4654,BUR,EUG
4655,BUR,SEA
4656,BUR,DAL
4657,BUR,ABQ
4658,BUR,STL
4659,BUR,ATL
4660,BUR,PDX
4661,BUR,PHX
4662,TUS,SFO
4663,TUS,MDW
4664,TUS,SLC
4665,TUS,HOU
4666,TUS,LAS
4667,TUS,DFW
4668,TUS,DAL
4669,TUS,ORD
4670,TUS,SNA
4671,TUS,ATL
4672,TUS,MSP
4673,TUS,IAH
4674,TUS,DEN
4675,TUS,SAN
4676,TUS,LAX
4677,TUS,PDX
4678,TUS,SEA
4679,TUS,PHX
4680,PBI,JFK
4681,PBI,ISP
4682,PBI,PIT
4683,PBI,EWR
4684,PBI,DEN
4685,PBI,MDW
4686,PBI,ACY
4687,PBI,DFW
4688,PBI,HPN
4689,PBI,ORD
4690,PBI,IAH
4691,PBI,CLE
4692,PBI,AGS
4693,PBI,BOS
4694,PBI,IAD
4695,PBI,TYS
4696,PBI,TTN
4697,PBI,BUF
4698,PBI,PHL
4699,PBI,LGA
4700,PBI,CVG
4701,PBI,MSP
4702,PBI,BWI
4703,PBI,LAX
4704,PBI,GRR
4705,PBI,DTW
4706,PBI,IND
4707,PBI,BDL
4708,PBI,SJU
4709,PBI,CLT
4710,PBI,AVL
4711,PBI,DAL
4712,PBI,STL
4713,PBI,DCA
4714,PBI,ATL
4715,PBI,PVD
4716,ONT,AUS
4717,ONT,JFK
4718,ONT,BNA
4719,ONT,SJC
4720,ONT,OAK
4721,ONT,DEN
4722,ONT,SFO
4723,ONT,MDW
4724,ONT,SLC
4725,ONT,HOU
4726,ONT,HNL
4727,ONT,DFW
4728,ONT,MCO
4729,ONT,SMF
4730,ONT,PSP
4731,ONT,IAH
4732,ONT,LAS
4733,ONT,SEA
4734,ONT,ELP
4735,ONT,CLT
4736,ONT,DAL
4737,ONT,ATL
4738,ONT,PDX
4739,ONT,PHX
4740,SLC,PIT
4741,SLC,BNA
4742,SLC,OAK
4743,SLC,SNA
4744,SLC,MSY
4745,SLC,JAC
4746,SLC,BUR
4747,SLC,ORD
4748,SLC,EKO
4749,SLC,IAH
4750,SLC,CLE
4751,SLC,MIA
4752,SLC,LGA
4753,SLC,TUL
4754,SLC,SGU
4755,SLC,DAL
4756,SLC,SDF
4757,SLC,DCA
4758,SLC,WYS
4759,SLC,AUS
4760,SLC,RNO
4761,SLC,RDM
4762,SLC,HLN
4763,SLC,IDA
4764,SLC,SAT
4765,SLC,SBA
4766,SLC,FLL
4767,SLC,MDW
4768,SLC,LWS
4769,SLC,HOU
4770,SLC,HNL
4771,SLC,OKC
4772,SLC,MCO
4773,SLC,CPR
4774,SLC,MCI
4775,SLC,BOS
4776,SLC,IAD
4777,SLC,OMA
4778,SLC,FCA
4779,SLC,PHL
4780,SLC,PIH
4781,SLC,RDU
4782,SLC,FAT
4783,SLC,LAS
4784,SLC,CVG
4785,SLC,BZN
4786,SLC,DTW
4787,SLC,ANC
4788,SLC,ONT
4789,SLC,LGB
4790,SLC,GJT
4791,SLC,COS
4792,SLC,ATL
4793,SLC,PHX
4794,SLC,SUN
4795,SLC,BTM
4796,SLC,CMH
4797,SLC,PSC
4798,SLC,EWR
4799,SLC,BOI
4800,SLC,SAN
4801,SLC,DEN
4802,SLC,SFO
4803,SLC,DFW
4804,SLC,MSO
4805,SLC,GEG
4806,SLC,MFR
4807,SLC,MSP
4808,SLC,LAX
4809,SLC,SEA
4810,SLC,IND
4811,SLC,TPA
4812,SLC,PDX
4813,SLC,JFK
4814,SLC,SJC
4815,SLC,BIL
4816,SLC,MEM
4817,SLC,GTF
4818,SLC,SMF
4819,SLC,OGG
4820,SLC,PSP
4821,SLC,TUS
4822,SLC,MSN
4823,SLC,EUG
4824,SLC,TWF
4825,SLC,BWI
4826,SLC,MKE
4827,SLC,CDC
4828,SLC,CLT
4829,SLC,STL
4830,SLC,ABQ
4831,TPA,AUS
4832,TPA,JFK
4833,TPA,ISP
4834,TPA,PIT
4835,TPA,CMH
4836,TPA,EWR
4837,TPA,BNA
4838,TPA,SAN
4839,TPA,DEN
4840,TPA,BTV
4841,TPA,MSY
4842,TPA,SAT
4843,TPA,SFO
4844,TPA,BQN
4845,TPA,FLL
4846,TPA,MDW
4847,TPA,SLC
4848,TPA,ACY
4849,TPA,HOU
4850,TPA,MEM
4851,TPA,DFW
4852,TPA,HPN
4853,TPA,ORD
4854,TPA,BHM
4855,TPA,IAH
4856,TPA,MCI
4857,TPA,CLE
4858,TPA,MHT
4859,TPA,BOS
4860,TPA,IAD
4861,TPA,OMA
4862,TPA,TTN
4863,TPA,TYS
4864,TPA,BUF
4865,TPA,PWM
4866,TPA,PHL
4867,TPA,MIA
4868,TPA,RDU
4869,TPA,LAS
4870,TPA,LGA
4871,TPA,RIC
4872,TPA,CVG
4873,TPA,SYR
4874,TPA,MSP
4875,TPA,BWI
4876,TPA,LAX
4877,TPA,SEA
4878,TPA,GRR
4879,TPA,DTW
4880,TPA,MKE
4881,TPA,SJU
4882,TPA,BDL
4883,TPA,IND
4884,TPA,ALB
4885,TPA,CLT
4886,TPA,DAL
4887,TPA,SDF
4888,TPA,ORF
4889,TPA,DCA
4890,TPA,ATL
4891,TPA,PVD
4892,TPA,CHS
4893,TPA,STL
4894,TPA,PDX
4895,TPA,ROC
4896,TPA,PHX
4897,MSY,AUS
4898,MSY,JFK
4899,MSY,CMH
4900,MSY,EWR
4901,MSY,BNA
4902,MSY,OAK
4903,MSY,SAN
4904,MSY,DEN
4905,MSY,SAT
4906,MSY,SFO
4907,MSY,FLL
4908,MSY,MDW
4909,MSY,SLC
4910,MSY,HOU
4911,MSY,DFW
4912,MSY,MCO
4913,MSY,BUR
4914,MSY,ORD
4915,MSY,IAH
4916,MSY,MCI
4917,MSY,CLE
4918,MSY,BOS
4919,MSY,IAD
4920,MSY,PHL
4921,MSY,MIA
4922,MSY,RDU
4923,MSY,LAS
4924,MSY,LGA
4925,MSY,CVG
4926,MSY,MSP
4927,MSY,BWI
4928,MSY,LAX
4929,MSY,SEA
4930,MSY,DTW
4931,MSY,SJU
4932,MSY,IND
4933,MSY,LGB
4934,MSY,CLT
4935,MSY,DAL
4936,MSY,TPA
4937,MSY,STL
4938,MSY,ATL
4939,MSY,DCA
4940,MSY,PHX
4941,PSP,AUS
4942,PSP,JFK
4943,PSP,SJC
4944,PSP,OAK
4945,PSP,BOI
4946,PSP,DEN
4947,PSP,SFO
4948,PSP,SLC
4949,PSP,DFW
4950,PSP,SMF
4951,PSP,ORD
4952,PSP,IAH
4953,PSP,IAD
4954,PSP,LAS
4955,PSP,BLI
4956,PSP,MSP
4957,PSP,LAX
4958,PSP,SEA
4959,PSP,DAL
4960,PSP,ATL
4961,PSP,PDX
4962,PSP,PHX
4963,IAH,PIT
4964,IAH,BNA
4965,IAH,SNA
4966,IAH,TVC
4967,IAH,MSY
4968,IAH,SHV
4969,IAH,JAC
4970,IAH,MOB
4971,IAH,ORD
4972,IAH,CLE
4973,IAH,MIA
4974,IAH,XNA
4975,IAH,LGA
4976,IAH,TUL
4977,IAH,RIC
4978,IAH,LRD
4979,IAH,MAF
4980,IAH,PNS
4981,IAH,GPT
4982,IAH,DAL
4983,IAH,SDF
4984,IAH,MTJ
4985,IAH,DCA
4986,IAH,CHS
4987,IAH,AUS
4988,IAH,RNO
4989,IAH,BRO
4990,IAH,PIB
4991,IAH,LIT
4992,IAH,SAT
4993,IAH,FLL
4994,IAH,VCT
4995,IAH,MDW
4996,IAH,HNL
4997,IAH,OKC
4998,IAH,MCO
4999,IAH,HRL
5000,IAH,BHM
5001,IAH,MCI
5002,IAH,ICT
5003,IAH,BOS
5004,IAH,OMA
5005,IAH,IAD
5006,IAH,TYS
5007,IAH,SRQ
5008,IAH,FCA
5009,IAH,PHL
5010,IAH,RDU
5011,IAH,MEI
5012,IAH,LAS
5013,IAH,RSW
5014,IAH,CVG
5015,IAH,SAV
5016,IAH,EGE
5017,IAH,BZN
5018,IAH,GRR
5019,IAH,DTW
5020,IAH,ANC
5021,IAH,PBI
5022,IAH,CRP
5023,IAH,LFT
5024,IAH,ONT
5025,IAH,COS
5026,IAH,ATL
5027,IAH,BTR
5028,IAH,PHX
5029,IAH,EYW
5030,IAH,CMH
5031,IAH,EWR
5032,IAH,SAN
5033,IAH,DEN
5034,IAH,SFO
5035,IAH,SLC
5036,IAH,DFW
5037,IAH,SGF
5038,IAH,DSM
5039,IAH,MSP
5040,IAH,LBB
5041,IAH,LAX
5042,IAH,SEA
5043,IAH,IND
5044,IAH,SJU
5045,IAH,ELP
5046,IAH,TPA
5047,IAH,ORF
5048,IAH,ECP
5049,IAH,PDX
5050,IAH,GSP
5051,IAH,JFK
5052,IAH,SJC
5053,IAH,MEM
5054,IAH,SMF
5055,IAH,PSP
5056,IAH,ASE
5057,IAH,AMA
5058,IAH,TUS
5059,IAH,MSN
5060,IAH,HOB
5061,IAH,BWI
5062,IAH,MKE
5063,IAH,STT
5064,IAH,JAX
5065,IAH,CLT
5066,IAH,HDN
5067,IAH,ABQ
5068,IAH,STL
5069,IAH,MFE
5070,EGE,SFO
5071,EGE,AUS
5072,EGE,JFK
5073,EGE,MIA
5074,EGE,DFW
5075,EGE,EWR
5076,EGE,ORD
5077,EGE,ATL
5078,EGE,DEN
5079,EGE,IAH
5080,EGE,SAN
5081,EGE,LAX
5082,EGE,SEA
5083,EGE,PHX
5084,JAC,SFO
5085,JAC,SLC
5086,JAC,DFW
5087,JAC,EWR
5088,JAC,CLT
5089,JAC,ORD
5090,JAC,ATL
5091,JAC,DEN
5092,JAC,IAH
5093,JAC,MSP
5094,JAC,SAN
5095,JAC,LAX
5096,JAC,SEA
5097,DCA,PIT
5098,DCA,BNA
5099,DCA,BTV
5100,DCA,TVC
5101,DCA,MSY
5102,DCA,CAE
5103,DCA,ORD
5104,DCA,JAN
5105,DCA,IAH
5106,DCA,MYR
5107,DCA,CLE
5108,DCA,MHT
5109,DCA,VPS
5110,DCA,MIA
5111,DCA,XNA
5112,DCA,LGA
5113,DCA,CRW
5114,DCA,TUL
5115,DCA,SYR
5116,DCA,LAN
5117,DCA,PNS
5118,DCA,AVL
5119,DCA,SDF
5120,DCA,DAL
5121,DCA,MVY
5122,DCA,CHS
5123,DCA,ROC
5124,DCA,DAB
5125,DCA,AUS
5126,DCA,HYA
5127,DCA,ACK
5128,DCA,LIT
5129,DCA,FLL
5130,DCA,MDW
5131,DCA,HOU
5132,DCA,CHA
5133,DCA,OKC
5134,DCA,MCO
5135,DCA,BHM
5136,DCA,MCI
5137,DCA,ICT
5138,DCA,BOS
5139,DCA,TYS
5140,DCA,OMA
5141,DCA,SRQ
5142,DCA,PHL
5143,DCA,RDU
5144,DCA,LAS
5145,DCA,RSW
5146,DCA,CVG
5147,DCA,SAV
5148,DCA,GRR
5149,DCA,CLL
5150,DCA,DTW
5151,DCA,PBI
5152,DCA,DAY
5153,DCA,ATL
5154,DCA,BTR
5155,DCA,PHX
5156,DCA,TLH
5157,DCA,EYW
5158,DCA,CMH
5159,DCA,EWR
5160,DCA,DEN
5161,DCA,SFO
5162,DCA,SLC
5163,DCA,DFW
5164,DCA,PWM
5165,DCA,ILM
5166,DCA,DSM
5167,DCA,MSP
5168,DCA,MLB
5169,DCA,LAX
5170,DCA,SEA
5171,DCA,SJU
5172,DCA,BDL
5173,DCA,IND
5174,DCA,TPA
5175,DCA,ORF
5176,DCA,PVD
5177,DCA,ECP
5178,DCA,PDX
5179,DCA,GSP
5180,DCA,JFK
5181,DCA,MEM
5182,DCA,SBN
5183,DCA,HPN
5184,DCA,CAK
5185,DCA,AGS
5186,DCA,BUF
5187,DCA,MSN
5188,DCA,GSO
5189,DCA,MKE
5190,DCA,CID
5191,DCA,ALB
5192,DCA,HSV
5193,DCA,JAX
5194,DCA,BGR
5195,DCA,CLT
5196,DCA,LEX
5197,DCA,STL
5198,DCA,MGM
5199,DCA,HHH
5200,STT,FLL
5201,STT,PHL
5202,STT,JFK
5203,STT,SJU
5204,STT,MIA
5205,STT,DFW
5206,STT,MCO
5207,STT,CLT
5208,STT,EWR
5209,STT,ORD
5210,STT,ATL
5211,STT,IAH
5212,STT,IAD
5213,ABQ,AUS
5214,ABQ,JFK
5215,ABQ,OAK
5216,ABQ,SAN
5217,ABQ,DEN
5218,ABQ,SAT
5219,ABQ,SFO
5220,ABQ,MDW
5221,ABQ,SLC
5222,ABQ,HOU
5223,ABQ,DFW
5224,ABQ,MCO
5225,ABQ,BUR
5226,ABQ,ORD
5227,ABQ,IAH
5228,ABQ,MCI
5229,ABQ,LAS
5230,ABQ,MSP
5231,ABQ,BWI
5232,ABQ,LAX
5233,ABQ,SEA
5234,ABQ,LGB
5235,ABQ,DAL
5236,ABQ,ATL
5237,ABQ,PDX
5238,ABQ,PHX
5239,STX,FLL
5240,STX,SJU
5241,STX,MIA
5242,STX,MCO
5243,STX,CLT
5244,STX,ATL
5245,HNL,AUS
5246,HNL,JFK
5247,HNL,PPG
5248,HNL,EWR
5249,HNL,SJC
5250,HNL,OAK
5251,HNL,SAN
5252,HNL,DEN
5253,HNL,GUM
5254,HNL,PAE
5255,HNL,SFO
5256,HNL,SLC
5257,HNL,LIH
5258,HNL,DFW
5259,HNL,SMF
5260,HNL,OGG
5261,HNL,ORD
5262,HNL,IAH
5263,HNL,BOS
5264,HNL,IAD
5265,HNL,LAS
5266,HNL,KOA
5267,HNL,MSP
5268,HNL,LAX
5269,HNL,SEA
5270,HNL,ITO
5271,HNL,DTW
5272,HNL,ANC
5273,HNL,ONT
5274,HNL,LGB
5275,HNL,ATL
5276,HNL,PDX
5277,HNL,PHX
5278,ANC,JFK
5279,ANC,AKN
5280,ANC,EWR
5281,ANC,DLG
5282,ANC,SAN
5283,ANC,DEN
5284,ANC,ADQ
5285,ANC,SFO
5286,ANC,SLC
5287,ANC,HNL
5288,ANC,BRW
5289,ANC,DFW
5290,ANC,OGG
5291,ANC,ORD
5292,ANC,IAH
5293,ANC,OME
5294,ANC,ADK
5295,ANC,IAD
5296,ANC,OTZ
5297,ANC,BET
5298,ANC,LAS
5299,ANC,KOA
5300,ANC,JNU
5301,ANC,MSP
5302,ANC,SCC
5303,ANC,LAX
5304,ANC,SEA
5305,ANC,DTW
5306,ANC,FAI
5307,ANC,ATL
5308,ANC,CDV
5309,ANC,PDX
5310,ANC,PHX
5311,OGG,EWR
5312,OGG,SJC
5313,OGG,OAK
5314,OGG,SAN
5315,OGG,DEN
5316,OGG,SFO
5317,OGG,SLC
5318,OGG,HNL
5319,OGG,LIH
5320,OGG,DFW
5321,OGG,SMF
5322,OGG,ORD
5323,OGG,LAS
5324,OGG,KOA
5325,OGG,LAX
5326,OGG,SEA
5327,OGG,ITO
5328,OGG,ANC
5329,OGG,LGB
5330,OGG,ATL
5331,OGG,PDX
5332,OGG,PHX
5333,KOA,SFO
5334,KOA,ANC
5335,KOA,HNL
5336,KOA,LIH
5337,KOA,LAS
5338,KOA,SMF
5339,KOA,SJC
5340,KOA,OGG
5341,KOA,OAK
5342,KOA,ORD
5343,KOA,SAN
5344,KOA,DEN
5345,KOA,LAX
5346,KOA,PDX
5347,KOA,SEA
5348,KOA,PHX
5349,LIH,SFO
5350,LIH,HNL
5351,LIH,LAS
5352,LIH,KOA
5353,LIH,SMF
5354,LIH,OGG
5355,LIH,OAK
5356,LIH,SJC
5357,LIH,SAN
5358,LIH,DEN
5359,LIH,LAX
5360,LIH,PDX
5361,LIH,SEA
5362,LIH,PHX
5363,BOI,SJC
5364,BOI,OAK
5365,BOI,SNA
5366,BOI,SAN
5367,BOI,DEN
5368,BOI,SFO
5369,BOI,SLC
5370,BOI,DFW
5371,BOI,SMF
5372,BOI,BUR
5373,BOI,ORD
5374,BOI,PSP
5375,BOI,GEG
5376,BOI,LAS
5377,BOI,MSP
5378,BOI,LAX
5379,BOI,AZA
5380,BOI,SEA
5381,BOI,LGB
5382,BOI,DAL
5383,BOI,ATL
5384,BOI,PDX
5385,BOI,PHX
5386,AVP,CLT
5387,AVP,ORD
5388,EUG,AUS
5389,EUG,CMH
5390,EUG,SJC
5391,EUG,OAK
5392,EUG,SNA
5393,EUG,SAN
5394,EUG,DEN
5395,EUG,SFO
5396,EUG,SLC
5397,EUG,DFW
5398,EUG,SMF
5399,EUG,BUR
5400,EUG,OTH
5401,EUG,LAS
5402,EUG,LAX
5403,EUG,AZA
5404,EUG,SEA
5405,EUG,IND
5406,EUG,PHX
5407,SBP,SFO
5408,SBP,SBA
5409,SBP,LAS
5410,SBP,DFW
5411,SBP,SAN
5412,SBP,DEN
5413,SBP,LAX
5414,SBP,PDX
5415,SBP,SEA
5416,SBP,PHX
5417,SBA,SFO
5418,SBA,SLC
5419,SBA,LAS
5420,SBA,DFW
5421,SBA,SMF
5422,SBA,OAK
5423,SBA,ATL
5424,SBA,DEN
5425,SBA,LAX
5426,SBA,PDX
5427,SBA,SEA
5428,SBA,PHX
5429,MRY,SFO
5430,MRY,LAS
5431,MRY,DFW
5432,MRY,SAN
5433,MRY,DEN
5434,MRY,LAX
5435,MRY,SEA
5436,MRY,PHX
5437,DAB,DTW
5438,DAB,DFW
5439,DAB,LGA
5440,DAB,CLT
5441,DAB,ATL
5442,DAB,DCA
5443,MFE,AUS
5444,MFE,LAS
5445,MFE,DFW
5446,MFE,SFB
5447,MFE,PIE
5448,MFE,IAH
5449,MFE,LAX
5450,MFE,PHX
5451,ECP,AUS
5452,ECP,MDW
5453,ECP,IND
5454,ECP,PHL
5455,ECP,HOU
5456,ECP,MCI
5457,ECP,DFW
5458,ECP,CLT
5459,ECP,BNA
5460,ECP,DAL
5461,ECP,ORD
5462,ECP,STL
5463,ECP,ATL
5464,ECP,DCA
5465,ECP,DEN
5466,ECP,BWI
5467,ECP,IAH
5468,ECP,BOS
5469,GUC,DFW
5470,GUC,DEN
5471,BFL,SFO
5472,BFL,DFW
5473,BFL,DEN
5474,BFL,PHX
5475,ELP,AUS
5476,ELP,MDW
5477,ELP,HOU
5478,ELP,LAS
5479,ELP,DFW
5480,ELP,ONT
5481,ELP,MCO
5482,ELP,LGB
5483,ELP,SAT
5484,ELP,DAL
5485,ELP,ORD
5486,ELP,ATL
5487,ELP,DEN
5488,ELP,SAN
5489,ELP,IAH
5490,ELP,LAX
5491,ELP,PHX
5492,FSD,FLL
5493,FSD,AUS
5494,FSD,STC
5495,FSD,LAS
5496,FSD,DFW
5497,FSD,PIE
5498,FSD,SFB
5499,FSD,BNA
5500,FSD,ORD
5501,FSD,ATL
5502,FSD,MSP
5503,FSD,DEN
5504,FSD,PGD
5505,FSD,LAX
5506,FSD,AZA
5507,FSD,PHX
5508,SJC,AUS
5509,SJC,JFK
5510,SJC,RNO
5511,SJC,BNA
5512,SJC,BOI
5513,SJC,SNA
5514,SJC,SAN
5515,SJC,DEN
5516,SJC,MDW
5517,SJC,SLC
5518,SJC,HOU
5519,SJC,HNL
5520,SJC,LIH
5521,SJC,DFW
5522,SJC,GRB
5523,SJC,OGG
5524,SJC,ORD
5525,SJC,BUR
5526,SJC,PSP
5527,SJC,IAH
5528,SJC,MCI
5529,SJC,BOS
5530,SJC,GEG
5531,SJC,LAS
5532,SJC,KOA
5533,SJC,EUG
5534,SJC,MSP
5535,SJC,BWI
5536,SJC,LAX
5537,SJC,SEA
5538,SJC,DTW
5539,SJC,ONT
5540,SJC,LGB
5541,SJC,DAL
5542,SJC,STL
5543,SJC,ATL
5544,SJC,PDX
5545,SJC,PHX
5546,AMA,AUS
5547,AMA,HOU
5548,AMA,LAS
5549,AMA,DFW
5550,AMA,DAL
5551,AMA,DEN
5552,AMA,IAH
5553,MTJ,SFO
5554,MTJ,AUS
5555,MTJ,DFW
5556,MTJ,EWR
5557,MTJ,DAL
5558,MTJ,ORD
5559,MTJ,ATL
5560,MTJ,IAH
5561,MTJ,DEN
5562,MTJ,LAX
5563,BZN,AUS
5564,BZN,JFK
5565,BZN,EWR
5566,BZN,BNA
5567,BZN,SAN
5568,BZN,DEN
5569,BZN,SFO
5570,BZN,MDW
5571,BZN,SLC
5572,BZN,DFW
5573,BZN,ORD
5574,BZN,IAH
5575,BZN,BOS
5576,BZN,IAD
5577,BZN,LAS
5578,BZN,MSP
5579,BZN,LAX
5580,BZN,AZA
5581,BZN,SEA
5582,BZN,CLT
5583,BZN,DAL
5584,BZN,ATL
5585,BZN,PDX
5586,COS,MDW
5587,COS,SLC
5588,COS,HOU
5589,COS,LAS
5590,COS,DFW
5591,COS,LGB
5592,COS,SAT
5593,COS,DAL
5594,COS,ORD
5595,COS,ATL
5596,COS,DEN
5597,COS,IAH
5598,COS,SAN
5599,COS,MSP
5600,COS,BWI
5601,COS,PHX
5602,HDN,SFO
5603,HDN,FLL
5604,HDN,DFW
5605,HDN,EWR
5606,HDN,DAL
5607,HDN,ORD
5608,HDN,BNA
5609,HDN,ATL
5610,HDN,DEN
5611,HDN,IAH
5612,HDN,SAN
5613,HDN,MSP
5614,HDN,LAX
5615,HDN,BOS
5616,HDN,IAD
5617,HDN,SEA
5618,MSO,SFO
5619,MSO,SLC
5620,MSO,LAS
5621,MSO,DFW
5622,MSO,ORD
5623,MSO,OAK
5624,MSO,SNA
5625,MSO,MSP
5626,MSO,DEN
5627,MSO,SAN
5628,MSO,LAX
5629,MSO,AZA
5630,MSO,PDX
5631,MSO,SEA
5632,MSO,PHX
5633,FAI,ANC
5634,FAI,ORD
5635,FAI,MSP
5636,FAI,DEN
5637,FAI,SEA
5638,DAL,PIT
5639,DAL,BNA
5640,DAL,OAK
5641,DAL,SNA
5642,DAL,MSY
5643,DAL,BUR
5644,DAL,ORD
5645,DAL,IAH
5646,DAL,MYR
5647,DAL,VPS
5648,DAL,MIA
5649,DAL,LGA
5650,DAL,TUL
5651,DAL,MAF
5652,DAL,PNS
5653,DAL,SDF
5654,DAL,MTJ
5655,DAL,DCA
5656,DAL,CHS
5657,DAL,AUS
5658,DAL,RNO
5659,DAL,LIT
5660,DAL,SAT
5661,DAL,FLL
5662,DAL,MDW
5663,DAL,HOU
5664,DAL,MCO
5665,DAL,HRL
5666,DAL,BHM
5667,DAL,MCI
5668,DAL,BOS
5669,DAL,OMA
5670,DAL,SRQ
5671,DAL,PHL
5672,DAL,RDU
5673,DAL,FAT
5674,DAL,LAS
5675,DAL,RSW
5676,DAL,SAV
5677,DAL,BZN
5678,DAL,DTW
5679,DAL,PBI
5680,DAL,CRP
5681,DAL,ONT
5682,DAL,LGB
5683,DAL,COS
5684,DAL,ATL
5685,DAL,PHX
5686,DAL,CMH
5687,DAL,BOI
5688,DAL,SAN
5689,DAL,DEN
5690,DAL,SFO
5691,DAL,SLC
5692,DAL,GEG
5693,DAL,LBB
5694,DAL,MSP
5695,DAL,LAX
5696,DAL,SEA
5697,DAL,IND
5698,DAL,ELP
5699,DAL,TPA
5700,DAL,ORF
5701,DAL,ECP
5702,DAL,PVD
5703,DAL,PDX
5704,DAL,SJC
5705,DAL,MEM
5706,DAL,SMF
5707,DAL,PSP
5708,DAL,AMA
5709,DAL,BUF
5710,DAL,TUS
5711,DAL,BWI
5712,DAL,MKE
5713,DAL,JAX
5714,DAL,CLT
5715,DAL,HDN
5716,DAL,ABQ
5717,DAL,STL
5718,PAE,HNL
5719,PAE,LAS
5720,PAE,LAX
5721,PAE,PHX
5722,RDM,SFO
5723,RDM,SLC
5724,RDM,DFW
5725,RDM,SAN
5726,RDM,DEN
5727,RDM,LAX
5728,RDM,SEA
5729,RDM,PHX
5730,PSC,SFO
5731,PSC,SLC
5732,PSC,LAS
5733,PSC,MSP
5734,PSC,DEN
5735,PSC,LAX
5736,PSC,AZA
5737,PSC,SEA
5738,PSC,PHX
5739,OAK,AUS
5740,OAK,RNO
5741,OAK,EWR
5742,OAK,BOI
5743,OAK,BNA
5744,OAK,SNA
5745,OAK,SAN
5746,OAK,DEN
5747,OAK,MSY
5748,OAK,IDA
5749,OAK,SBA
5750,OAK,MDW
5751,OAK,SLC
5752,OAK,HOU
5753,OAK,HNL
5754,OAK,LIH
5755,OAK,MSO
5756,OAK,OGG
5757,OAK,BUR
5758,OAK,PSP
5759,OAK,IAH
5760,OAK,MCI
5761,OAK,FCA
5762,OAK,GEG
5763,OAK,LAS
5764,OAK,KOA
5765,OAK,EUG
5766,OAK,BLI
5767,OAK,BWI
5768,OAK,LAX
5769,OAK,SEA
5770,OAK,DTW
5771,OAK,ONT
5772,OAK,LGB
5773,OAK,DAL
5774,OAK,ABQ
5775,OAK,STL
5776,OAK,ATL
5777,OAK,PDX
5778,OAK,PHX
5779,JNU,ANC
5780,JNU,GST
5781,JNU,SIT
5782,JNU,PSG
5783,JNU,YAK
5784,JNU,KTN
5785,JNU,SEA
5786,STS,LAS
5787,STS,DFW
5788,STS,BUR
5789,STS,SNA
5790,STS,SAN
5791,STS,LAX
5792,STS,PDX
5793,STS,SEA
5794,STS,PHX
5795,KTN,SIT
5796,KTN,WRG
5797,KTN,JNU
5798,KTN,SEA
5799,SIT,KTN
5800,SIT,JNU
5801,SIT,SEA
5802,BQN,FLL
5803,BQN,JFK
5804,BQN,MCO
5805,BQN,EWR
5806,BQN,TPA
5807,ORH,FLL
5808,ORH,JFK
5809,ORH,LGA
5810,ORH,MCO
5811,ORH,RSW
5812,PSE,JFK
5813,PSE,MCO
5814,LGB,AUS
5815,LGB,RNO
5816,LGB,BNA
5817,LGB,SJC
5818,LGB,OAK
5819,LGB,BOI
5820,LGB,DEN
5821,LGB,MSY
5822,LGB,MDW
5823,LGB,SLC
5824,LGB,HOU
5825,LGB,HNL
5826,LGB,SMF
5827,LGB,MCO
5828,LGB,OGG
5829,LGB,MCI
5830,LGB,LAS
5831,LGB,ELP
5832,LGB,DAL
5833,LGB,COS
5834,LGB,ABQ
5835,LGB,STL
5836,LGB,PDX
5837,LGB,PHX
5838,BIL,SLC
5839,BIL,LAS
5840,BIL,DFW
5841,BIL,ORD
5842,BIL,MSP
5843,BIL,DEN
5844,BIL,COD
5845,BIL,LAX
5846,BIL,AZA
5847,BIL,PHX
5848,TVC,DTW
5849,TVC,FLL
5850,TVC,PHL
5851,TVC,SFB
5852,TVC,PIE
5853,TVC,LGA
5854,TVC,DFW
5855,TVC,CLT
5856,TVC,ORD
5857,TVC,DCA
5858,TVC,DEN
5859,TVC,MSP
5860,TVC,ATL
5861,TVC,PGD
5862,TVC,IAH
5863,TVC,AZA
5864,TVC,BOS
5865,FCA,SFO
5866,FCA,SLC
5867,FCA,LAS
5868,FCA,DFW
5869,FCA,ORD
5870,FCA,OAK
5871,FCA,MSP
5872,FCA,DEN
5873,FCA,IAH
5874,FCA,SAN
5875,FCA,LAX
5876,FCA,AZA
5877,FCA,SEA
5878,HRL,AUS
5879,HRL,HOU
5880,HRL,DFW
5881,HRL,DAL
5882,HRL,ORD
5883,HRL,MSP
5884,HRL,IAH
5885,HRL,DEN
5886,GPT,SFB
5887,GPT,DFW
5888,GPT,CLT
5889,GPT,ATL
5890,GPT,IAH
5891,FAR,SFB
5892,FAR,DFW
5893,FAR,LAS
5894,FAR,PIE
5895,FAR,MCO
5896,FAR,BNA
5897,FAR,ORD
5898,FAR,MSP
5899,FAR,DEN
5900,FAR,AZA
5901,FAR,PHX
5902,GNV,AUS
5903,GNV,MIA
5904,GNV,DFW
5905,GNV,CLT
5906,GNV,ATL
5907,HOU,AUS
5908,HOU,PIT
5909,HOU,CMH
5910,HOU,BNA
5911,HOU,SJC
5912,HOU,OAK
5913,HOU,SAN
5914,HOU,DEN
5915,HOU,LIT
5916,HOU,MSY
5917,HOU,CHS
5918,HOU,SAT
5919,HOU,FLL
5920,HOU,MDW
5921,HOU,SLC
5922,HOU,PVU
5923,HOU,MEM
5924,HOU,OKC
5925,HOU,DFW
5926,HOU,MCO
5927,HOU,SMF
5928,HOU,HRL
5929,HOU,BUR
5930,HOU,JAN
5931,HOU,BHM
5932,HOU,MCI
5933,HOU,TYS
5934,HOU,OMA
5935,HOU,AMA
5936,HOU,SRQ
5937,HOU,VPS
5938,HOU,BUF
5939,HOU,PHL
5940,HOU,TUS
5941,HOU,RDU
5942,HOU,MIA
5943,HOU,LAS
5944,HOU,ECP
5945,HOU,LGA
5946,HOU,DSM
5947,HOU,TUL
5948,HOU,RSW
5949,HOU,LBB
5950,HOU,SAV
5951,HOU,BWI
5952,HOU,LAX
5953,HOU,MAF
5954,HOU,AZA
5955,HOU,DTW
5956,HOU,IND
5957,HOU,SJU
5958,HOU,CRP
5959,HOU,ELP
5960,HOU,ONT
5961,HOU,PNS
5962,HOU,JAX
5963,HOU,LGB
5964,HOU,CLT
5965,HOU,DAL
5966,HOU,TPA
5967,HOU,SDF
5968,HOU,STL
5969,HOU,ATL
5970,HOU,DCA
5971,HOU,ABQ
5972,HOU,AVL
5973,HOU,COS
5974,HOU,GSP
5975,HOU,PHX
5976,MDW,PIT
5977,MDW,BNA
5978,MDW,OAK
5979,MDW,MSY
5980,MDW,BUR
5981,MDW,IAH
5982,MDW,MYR
5983,MDW,CLE
5984,MDW,MHT
5985,MDW,VPS
5986,MDW,MIA
5987,MDW,LGA
5988,MDW,TUL
5989,MDW,RIC
5990,MDW,PNS
5991,MDW,AVL
5992,MDW,DAL
5993,MDW,SDF
5994,MDW,DCA
5995,MDW,CHS
5996,MDW,ROC
5997,MDW,AUS
5998,MDW,RNO
5999,MDW,SAT
6000,MDW,FLL
6001,MDW,HOU
6002,MDW,OKC
6003,MDW,MCO
6004,MDW,BHM
6005,MDW,MCI
6006,MDW,BOS
6007,MDW,IAD
6008,MDW,OMA
6009,MDW,SRQ
6010,MDW,TYS
6011,MDW,PHL
6012,MDW,RDU
6013,MDW,LAS
6014,MDW,RSW
6015,MDW,CVG
6016,MDW,SAV
6017,MDW,BZN
6018,MDW,GRR
6019,MDW,DTW
6020,MDW,PBI
6021,MDW,ONT
6022,MDW,LGB
6023,MDW,COS
6024,MDW,ATL
6025,MDW,PHX
6026,MDW,CMH
6027,MDW,SAN
6028,MDW,DEN
6029,MDW,SFO
6030,MDW,SLC
6031,MDW,PVU
6032,MDW,DFW
6033,MDW,PWM
6034,MDW,MSP
6035,MDW,LAX
6036,MDW,SEA
6037,MDW,SJU
6038,MDW,BDL
6039,MDW,ELP
6040,MDW,TPA
6041,MDW,ORF
6042,MDW,ECP
6043,MDW,PVD
6044,MDW,PDX
6045,MDW,SJC
6046,MDW,MEM
6047,MDW,SMF
6048,MDW,BUF
6049,MDW,TUS
6050,MDW,BWI
6051,MDW,PGD
6052,MDW,ALB
6053,MDW,JAX
6054,MDW,CLT
6055,MDW,STL
6056,MDW,ABQ
6057,BIS,LAS
6058,BIS,DFW
6059,BIS,SFB
6060,BIS,PIE
6061,BIS,MSP
6062,BIS,DEN
6063,BIS,AZA
6064,MLB,PIT
6065,MLB,ABE
6066,MLB,CLT
6067,MLB,BNA
6068,MLB,CVG
6069,MLB,ATL
6070,MLB,DCA
6071,TTN,FLL
6072,TTN,PBI
6073,TTN,RDU
6074,TTN,MCO
6075,TTN,RSW
6076,TTN,CLT
6077,TTN,TPA
6078,TTN,ATL
6079,ISP,FLL
6080,ISP,PBI
6081,ISP,MIA
6082,ISP,MCO
6083,ISP,RSW
6084,ISP,TPA
6085,ISP,ATL
6086,ISP,MYR
6087,ISP,BWI
6088,PIE,CKB
6089,PIE,MDT
6090,PIE,ROA
6091,PIE,PIT
6092,PIE,EYW
6093,PIE,FAR
6094,PIE,HTS
6095,PIE,HGR
6096,PIE,BNA
6097,PIE,RFD
6098,PIE,FNT
6099,PIE,TVC
6100,PIE,LIT
6101,PIE,TOL
6102,PIE,TRI
6103,PIE,PVU
6104,PIE,CHA
6105,PIE,MEM
6106,PIE,SBN
6107,PIE,SGF
6108,PIE,BIS
6109,PIE,CAK
6110,PIE,PBG
6111,PIE,EVV
6112,PIE,MLI
6113,PIE,BMI
6114,PIE,MCI
6115,PIE,PSM
6116,PIE,ICT
6117,PIE,TYS
6118,PIE,OMA
6119,PIE,VPS
6120,PIE,XNA
6121,PIE,DSM
6122,PIE,IAG
6123,PIE,TUL
6124,PIE,RIC
6125,PIE,CVG
6126,PIE,SYR
6127,PIE,GSO
6128,PIE,FWA
6129,PIE,FSD
6130,PIE,SAV
6131,PIE,GRR
6132,PIE,SWF
6133,PIE,IND
6134,PIE,BLV
6135,PIE,CID
6136,PIE,DAY
6137,PIE,ALB
6138,PIE,USA
6139,PIE,ABE
6140,PIE,ELM
6141,PIE,BGR
6142,PIE,LEX
6143,PIE,AVL
6144,PIE,SDF
6145,PIE,PIA
6146,PIE,ORF
6147,PIE,MFE
6148,PIE,GSP
6149,PIE,LCK
6150,PIE,ATW
6151,IAG,PGD
6152,IAG,PIE
6153,IAG,SFB
6154,SFB,AUS
6155,SFB,CKB
6156,SFB,MDT
6157,SFB,FAR
6158,SFB,ROA
6159,SFB,EYW
6160,SFB,PIT
6161,SFB,HTS
6162,SFB,HGR
6163,SFB,BNA
6164,SFB,RFD
6165,SFB,FNT
6166,SFB,TVC
6167,SFB,LIT
6168,SFB,RAP
6169,SFB,GFK
6170,SFB,TOL
6171,SFB,SHV
6172,SFB,TRI
6173,SFB,PVU
6174,SFB,CHA
6175,SFB,MEM
6176,SFB,SBN
6177,SFB,SGF
6178,SFB,BIS
6179,SFB,OKC
6180,SFB,CAK
6181,SFB,PBG
6182,SFB,EVV
6183,SFB,MLI
6184,SFB,BMI
6185,SFB,PSM
6186,SFB,ICT
6187,SFB,TYS
6188,SFB,OMA
6189,SFB,XNA
6190,SFB,MOT
6191,SFB,DSM
6192,SFB,IAG
6193,SFB,LAS
6194,SFB,TUL
6195,SFB,RIC
6196,SFB,CVG
6197,SFB,SYR
6198,SFB,ROC
6199,SFB,FWA
6200,SFB,GSO
6201,SFB,FSD
6202,SFB,GRR
6203,SFB,SWF
6204,SFB,BLV
6205,SFB,IND
6206,SFB,CID
6207,SFB,DAY
6208,SFB,ALB
6209,SFB,USA
6210,SFB,ABE
6211,SFB,ELM
6212,SFB,BGR
6213,SFB,LEX
6214,SFB,AVL
6215,SFB,SDF
6216,SFB,GPT
6217,SFB,ORF
6218,SFB,PIA
6219,SFB,MFE
6220,SFB,GSP
6221,SFB,LCK
6222,SFB,ATW
6223,FNT,VPS
6224,FNT,FLL
6225,FNT,SFB
6226,FNT,PIE
6227,FNT,LAS
6228,FNT,JAX
6229,FNT,BNA
6230,FNT,ORD
6231,FNT,PGD
6232,FNT,AZA
6233,FNT,SRQ
6234,GRI,LAS
6235,GRI,DFW
6236,GRI,AZA
6237,AZA,FAR
6238,AZA,PSC
6239,AZA,BOI
6240,AZA,RFD
6241,AZA,FNT
6242,AZA,TVC
6243,AZA,RAP
6244,AZA,GFK
6245,AZA,TOL
6246,AZA,IDA
6247,AZA,BIL
6248,AZA,PVU
6249,AZA,HOU
6250,AZA,SBN
6251,AZA,SGF
6252,AZA,BIS
6253,AZA,GTF
6254,AZA,MSO
6255,AZA,MLI
6256,AZA,ICT
6257,AZA,OMA
6258,AZA,FCA
6259,AZA,GEG
6260,AZA,STC
6261,AZA,XNA
6262,AZA,MOT
6263,AZA,DSM
6264,AZA,LAS
6265,AZA,GRI
6266,AZA,MFR
6267,AZA,EUG
6268,AZA,BLI
6269,AZA,CVG
6270,AZA,MSP
6271,AZA,FWA
6272,AZA,FSD
6273,AZA,BZN
6274,AZA,GRR
6275,AZA,CID
6276,AZA,PIA
6277,AZA,PDX
6278,AZA,ATW
6279,PGD,MDT
6280,PGD,PIT
6281,PGD,HTS
6282,PGD,BNA
6283,PGD,RFD
6284,PGD,FNT
6285,PGD,TVC
6286,PGD,TOL
6287,PGD,MDW
6288,PGD,SPI
6289,PGD,SBN
6290,PGD,SGF
6291,PGD,CAK
6292,PGD,PBG
6293,PGD,MLI
6294,PGD,MCI
6295,PGD,PSM
6296,PGD,TYS
6297,PGD,OMA
6298,PGD,IAD
6299,PGD,STC
6300,PGD,DSM
6301,PGD,IAG
6302,PGD,RIC
6303,PGD,CVG
6304,PGD,SYR
6305,PGD,MSP
6306,PGD,FWA
6307,PGD,FSD
6308,PGD,BWI
6309,PGD,SAV
6310,PGD,GRR
6311,PGD,SWF
6312,PGD,IND
6313,PGD,BLV
6314,PGD,CID
6315,PGD,ALB
6316,PGD,DAY
6317,PGD,USA
6318,PGD,ABE
6319,PGD,ELM
6320,PGD,BGR
6321,PGD,LEX
6322,PGD,AVL
6323,PGD,SDF
6324,PGD,PIA
6325,PGD,PVD
6326,PGD,ROC
6327,PGD,LCK
6328,PGD,ATW
6329,TOL,AZA
6330,TOL,PGD
6331,TOL,PIE
6332,TOL,SFB
6333,SBN,TLH
6334,SBN,SFB
6335,SBN,EWR
6336,SBN,SFO
6337,SBN,PIE
6338,SBN,DFW
6339,SBN,ORD
6340,SBN,BOS
6341,SBN,TYS
6342,SBN,IAD
6343,SBN,SRQ
6344,SBN,PHL
6345,SBN,MIA
6346,SBN,LAS
6347,SBN,LGA
6348,SBN,MSP
6349,SBN,PGD
6350,SBN,AZA
6351,SBN,DTW
6352,SBN,CLT
6353,SBN,ATL
6354,SBN,DCA
6355,USA,FLL
6356,USA,PIE
6357,USA,SFB
6358,USA,PGD
6359,LRD,LAS
6360,LRD,DFW
6361,LRD,LAX
6362,LRD,IAH
6363,PBG,FLL
6364,PBG,SFB
6365,PBG,PIE
6366,PBG,PGD
6367,PBG,SRQ
6368,FWA,DTW
6369,FWA,SFB
6370,FWA,DFW
6371,FWA,LAS
6372,FWA,PIE
6373,FWA,CLT
6374,FWA,ORD
6375,FWA,ATL
6376,FWA,MSP
6377,FWA,MYR
6378,FWA,PGD
6379,FWA,AZA
6380,FWA,SRQ
6381,PVU,AUS
6382,PVU,MDW
6383,PVU,HOU
6384,PVU,LAS
6385,PVU,SFB
6386,PVU,PIE
6387,PVU,DFW
6388,PVU,BNA
6389,PVU,SNA
6390,PVU,SAN
6391,PVU,LAX
6392,PVU,AZA
6393,PVU,PDX
6394,PVU,PHX
6395,BLV,VPS
6396,BLV,FLL
6397,BLV,SFB
6398,BLV,PIE
6399,BLV,LAS
6400,BLV,JAX
6401,BLV,MYR
6402,BLV,SAV
6403,BLV,PGD
6404,BLV,TYS
6405,BLV,SRQ
6406,RFD,SFB
6407,RFD,PIE
6408,RFD,LAS
6409,RFD,BNA
6410,RFD,PGD
6411,RFD,LAX
6412,RFD,AZA
6413,RFD,SRQ
6414,RAP,SFO
6415,RAP,XWA
6416,RAP,LAS
6417,RAP,DFW
6418,RAP,SFB
6419,RAP,CLT
6420,RAP,ORD
6421,RAP,MSP
6422,RAP,DEN
6423,RAP,LAX
6424,RAP,AZA
6425,CKB,VPS
6426,CKB,SFB
6427,CKB,PIE
6428,CKB,MYR
6429,PSM,PGD
6430,PSM,SFB
6431,PSM,PIE
6432,PSM,SRQ
6433,SPI,PGD
6434,PIA,VPS
6435,PIA,FLL
6436,PIA,LAS
6437,PIA,PIE
6438,PIA,DFW
6439,PIA,SFB
6440,PIA,CLT
6441,PIA,BNA
6442,PIA,ORD
6443,PIA,DEN
6444,PIA,PGD
6445,PIA,AZA
6446,PIA,SRQ
6447,LCK,VPS
6448,LCK,FLL
6449,LCK,SFB
6450,LCK,PIE
6451,LCK,MYR
6452,LCK,SAV
6453,LCK,PGD
6454,LCK,CHS
6455,LCK,SRQ
6456,IDA,SLC
6457,IDA,LAS
6458,IDA,DFW
6459,IDA,OAK
6460,IDA,SNA
6461,IDA,DEN
6462,IDA,AZA
6463,IDA,PDX
6464,IDA,PHX
6465,SCK,LAS
6466,SCK,PHX
6467,MOT,LAS
6468,MOT,SFB
6469,MOT,MSP
6470,MOT,DEN
6471,MOT,AZA
6472,SMX,LAS
6473,BLI,LAS
6474,BLI,PSP
6475,BLI,OAK
6476,BLI,SAN
6477,BLI,DEN
6478,BLI,LAX
6479,BLI,AZA
6480,BLI,SEA
6481,PPG,HNL
6482,ITO,HNL
6483,ITO,OGG
6484,CRP,IAH
6485,CRP,DAL
6486,CRP,DFW
6487,CRP,HOU
6488,EVV,VPS
6489,EVV,SFB
6490,EVV,DFW
6491,EVV,PIE
6492,EVV,CLT
6493,EVV,ATL
6494,HHH,PHL
6495,HHH,LGA
6496,HHH,CLT
6497,HHH,EWR
6498,HHH,ORD
6499,HHH,DCA
6500,HHH,ATL
6501,HHH,BOS
6502,LBB,AUS
6503,LBB,HOU
6504,LBB,LAS
6505,LBB,DFW
6506,LBB,DAL
6507,LBB,DEN
6508,LBB,IAH
6509,LBB,PHX
6510,FSM,DFW
6511,ABI,DFW
6512,MAF,AUS
6513,MAF,HOU
6514,MAF,LAS
6515,MAF,DFW
6516,MAF,DAL
6517,MAF,IAH
6518,MAF,DEN
6519,MAF,PHX
6520,GRK,DFW
6521,BRO,DFW
6522,BRO,IAH
6523,MHK,DFW
6524,MHK,ORD
6525,COU,DFW
6526,COU,ORD
6527,GJT,SLC
6528,GJT,LAS
6529,GJT,DFW
6530,GJT,LAX
6531,GJT,DEN
6532,GJT,ASE
6533,GJT,PHX
6534,CLL,DFW
6535,CLL,ORD
6536,CLL,DCA
6537,SJT,DFW
6538,CMI,DFW
6539,CMI,ORD
6540,LAW,DFW
6541,BPT,DFW
6542,SHV,VPS
6543,SHV,LAS
6544,SHV,DFW
6545,SHV,SFB
6546,SHV,CLT
6547,SHV,ATL
6548,SHV,DEN
6549,SHV,IAH
6550,ACT,DFW
6551,SAF,DFW
6552,SAF,DEN
6553,SAF,PHX
6554,ACY,FLL
6555,ACY,PBI
6556,ACY,MCO
6557,ACY,RSW
6558,ACY,TPA
6559,ACY,MYR
6560,LBE,MCO
6561,LBE,MYR
6562,MHT,MDW
6563,MHT,PHL
6564,MHT,MCO
6565,MHT,CLT
6566,MHT,EWR
6567,MHT,TPA
6568,MHT,ORD
6569,MHT,DCA
6570,MHT,BWI
6571,CAK,FLL
6572,CAK,SFB
6573,CAK,PIE
6574,CAK,LAS
6575,CAK,CLT
6576,CAK,BNA
6577,CAK,ORD
6578,CAK,DCA
6579,CAK,MYR
6580,CAK,SAV
6581,CAK,PGD
6582,CAK,SRQ
6583,XWA,MSP
6584,XWA,DEN
6585,OTH,SFO
6586,OTH,DEN
6587,GTF,SLC
6588,GTF,LAS
6589,GTF,ORD
6590,GTF,MSP
6591,GTF,DEN
6592,GTF,AZA
6593,GTF,SEA
6594,SCE,ORD
6595,SCE,PHL
6596,SCE,DFW
6597,ACV,SFO
6598,ACV,LAX
6599,ACV,DEN
6600,DRO,DFW
6601,DRO,DEN
6602,DRO,PHX
6603,MFR,SFO
6604,MFR,SLC
6605,MFR,LAS
6606,MFR,SNA
6607,MFR,SAN
6608,MFR,DEN
6609,MFR,LAX
6610,MFR,AZA
6611,MFR,SEA
6612,MFR,PHX
6613,SGU,SLC
6614,SGU,DFW
6615,SGU,DEN
6616,SGU,LAX
6617,SGU,PHX
6618,BTM,SLC
6619,ELM,DTW
6620,ELM,SFB
6621,ELM,PIE
6622,ELM,PGD
6623,ALW,SEA
6624,HLN,SLC
6625,HLN,SEA
6626,HLN,DEN
6627,DIK,DEN
6628,HYS,SLN
6629,HYS,DEN
6630,SLN,ORD
6631,SLN,DEN
6632,SLN,HYS
6633,PIH,SLC
6634,SUN,SFO
6635,SUN,SLC
6636,SUN,ORD
6637,SUN,DEN
6638,SUN,LAX
6639,SUN,SEA
6640,TWF,SLC
6641,LWS,SLC
6642,LWS,SEA
6643,LWS,DEN
6644,DLH,ORD
6645,DLH,MSP
6646,CPR,SLC
6647,CPR,DEN
6648,DVL,JMS
6649,DVL,DEN
6650,JMS,DVL
6651,JMS,DEN
6652,LBF,DEN
6653,YUM,DFW
6654,YUM,PHX
6655,ABR,MSP
6656,RDD,SFO
6657,RDD,LAX
6658,RDD,SEA
6659,BJI,MSP
6660,GCK,DFW
6661,TYR,DFW
6662,LCH,DFW
6663,SWO,DFW
6664,SPS,DFW
6665,FLG,DFW
6666,FLG,LAX
6667,FLG,PHX
6668,INL,MSP
6669,RHI,MSP
6670,ROW,DFW
6671,BRD,MSP
6672,MBS,DTW
6673,MBS,ORD
6674,ABY,ATL
6675,ASE,SFO
6676,ASE,AUS
6677,ASE,DFW
6678,ASE,ORD
6679,ASE,ATL
6680,ASE,DEN
6681,ASE,IAH
6682,ASE,LAX
6683,ASE,PHX
6684,TXK,DFW
6685,GGG,DFW
6686,HIB,MSP
6687,IMT,DTW
6688,IMT,MSP
6689,APN,DTW
6690,PLN,DTW
6691,CIU,DTW
6692,CIU,MSP
6693,ESC,DTW
6694,ESC,MSP
6695,BIH,SFO
6696,BIH,DEN
6697,BQK,ATL
6698,CDC,SLC
6699,EKO,SLC
6700,CSG,ATL
6701,RIW,DEN
6702,DEC,ORD
6703,DEC,JLN
6704,JLN,ORD
6705,JLN,DEC
6706,JLN,DEN
6707,BFF,DEN
6708,CYS,DEN
6709,LNK,ORD
6710,LNK,DEN
6711,JST,ORD
6712,JST,IAD
6713,VEL,DEN
6714,CMX,ORD
6715,FOD,ORD
6716,FOD,MCW
6717,MCW,ORD
6718,MCW,FOD
6719,CNY,DEN
6720,MEI,IAH
6721,DDC,LBL
6722,DDC,DEN
6723,LBL,DDC
6724,LBL,DEN
6725,RKS,DEN
6726,SHR,DEN
6727,VCT,IAH
6728,LAR,DEN
6729,PRC,LAX
6730,PRC,DEN
6731,PIB,MEI
6732,PIB,IAH
6733,GCC,DEN
6734,SUX,ORD
6735,SUX,DEN
6736,GUM,HNL
6737,GUM,SPN
6738,SPN,GUM
6739,BET,ANC
6740,CDV,ANC
6741,CDV,YAK
6742,YAK,CDV
6743,YAK,JNU
6744,BRW,ANC
6745,SCC,BRW
6746,SCC,ANC
6747,ADQ,ANC
6748,OME,ANC
6749,OME,OTZ
6750,OTZ,ANC
6751,OTZ,OME
6752,PSG,WRG
6753,PSG,JNU
6754,WRG,KTN
6755,WRG,PSG
6756,HGR,SFB
6757,HGR,PIE
6758,HGR,MYR
6759,SWF,FLL
6760,SWF,SFB
6761,SWF,PIE
6762,SWF,MYR
6763,SWF,PGD
6764,STC,PGD
6765,STC,AZA
6766,HTS,VPS
6767,HTS,SFB
6768,HTS,PIE
6769,HTS,MYR
6770,HTS,PGD
6771,ADK,ANC
6772,LSE,ORD
6773,AKN,ANC
6774,WYS,SLC
6775,WYS,DEN
6776,ACK,PHL
6777,ACK,JFK
6778,ACK,LGA
6779,ACK,HPN
6780,ACK,CLT
6781,ACK,ORD
6782,ACK,DCA
6783,ACK,BOS
6784,HYA,LGA
6785,HYA,JFK
6786,HYA,DCA
6787,MVY,PHL
6788,MVY,JFK
6789,MVY,LGA
6790,MVY,CLT
6791,MVY,ORD
6792,MVY,DCA
6793,MVY,BOS
6794,COD,DEN
6795,HOB,IAH
6796,HOB,DEN
6797,GST,JNU
6798,DLG,ANC
6799,EWN,CLT
6800,PQI,BOS
6801,EAR,DEN
6802,EAU,ORD
6803,MGW,ORD
6804,MGW,IAD
